tradingsymbol,exchange,instrument_token,isin,product,price,quantity,used_quantity,t1_quantity,realised_quantity,authorised_quantity,authorised_date,authorisation,opening_quantity,short_quantity,collateral_quantity,collateral_type,discrepancy,average_price,last_price,close_price,pnl,day_change,day_change_percentage,source,key,overnight_quantity,multiplier,value,m2m,unrealised,realised,buy_quantity,buy_price,buy_value,buy_m2m,sell_quantity,sell_price,sell_value,sell_m2m,day_buy_quantity,day_buy_price,day_buy_value,day_sell_quantity,day_sell_price,day_sell_value,ltp,open,high,low,close,qty,Invested,value_H,PnL,PnL_H,PnL%,PnL%_H,Yvalue,dPnL,dPnL%
ADANIPOWER,BSE,136472580,INE814H01011,CNC,0.0,0,0.0,25.0,0.0,25.0,2023-11-10 17:00:00,{'pre': {'2023-11-10 17:00:00': 25}},25.0,0.0,0.0,,False,407.5,403.1,401.1,-109.99999999999943,2.0,0.49862877088007973,holdings,BSE:ADANIPOWER,,,10077.5,,,,,,,,,,,,,,,,,,403.1,400.0,406.9,394.8,401.1,25,10187.5,10172.5,-110.0,-15.0,-1.1,-0.1,10027.5,50.0,0.5
AHLADA,NSE,513025,INE00PV01013,CNC,0.0,208,0.0,0.0,208.0,208.0,2023-11-10 17:00:00,{'pre': {'2023-11-10 17:00:00': 208}},208.0,0.0,0.0,,False,120.0,111.55,111.0,-1768.0,0.5499999999999972,0.49549549549549293,holdings,NSE:AHLADA,,,23202.4,,,,,,,,,,,,,,,,,,111.6,113.0,113.0,110.7,111.0,208,24970.4,23504.0,-1768.0,-1466.3999999999978,-7.1,-5.9,23088.0,114.4,0.5
ANANDRATHI,BSE,139114244,INE463V01026,CNC,0.0,12,0.0,0.0,12.0,12.0,2023-11-10 17:00:00,{'pre': {'2023-11-10 17:00:00': 12}},12.0,0.0,0.0,,False,2044.4,2019.75,2010.45,-296.40000000000055,9.299999999999955,0.46258300380511597,holdings,BSE:ANANDRATHI,,,24237.0,,,,,,,,,,,,,,,,,,2019.8,2008.0,2022.1,1999.6,2010.4,12,24533.4,24265.199999999997,-296.4,-268.20000000000437,-1.2,-1.1,24125.4,111.6,0.5
APTUS,NSE,1391361,INE852O01025,CNC,0.0,0,34.0,0.0,0.0,34.0,2023-11-10 17:00:00,{'pre': {'2023-11-10 17:00:00': 34}},34.0,0.0,0.0,,False,292.7,291.55,286.1,0.0,5.449999999999989,1.904928346731908,holdings,NSE:APTUS,,,0.0,,,,,,,,,,,,,,,,,,291.4,296.0,301.0,290.4,286.1,0,0.0,0.0,0.0,0.0,,,0.0,0.0,
ARIHANTCAP,NSE,976129,INE420B01036,CNC,0.0,361,0.0,0.0,361.0,361.0,2023-11-10 17:00:00,{'pre': {'2023-11-10 17:00:00': 361}},361.0,0.0,0.0,,False,69.0,69.25,67.65,78.50017199999799,1.5999999999999943,2.3651145602365027,holdings,NSE:ARIHANTCAP,,,24999.2,,,,,,,,,,,,,,,,,,69.2,68.0,69.8,66.8,67.6,361,24920.7,25197.8,78.5,277.05017199999565,0.3,1.1,24421.6,577.6,2.4
ARVIND,NSE,49409,INE034A01011,CNC,0.0,0,123.0,0.0,0.0,123.0,2023-11-10 17:00:00,{'pre': {'2023-11-10 17:00:00': 123}},123.0,0.0,0.0,,False,203.9,213.9,200.45,0.0,13.450000000000017,6.709902718882524,holdings,NSE:ARVIND,,,0.0,,,,,,,,,,,,,,,,,,213.9,200.0,216.0,199.1,200.4,0,0.0,0.0,0.0,0.0,,,0.0,0.0,
ASTERDM,BSE,138489604,INE914M01019,CNC,0.0,29,0.0,0.0,29.0,29.0,2023-11-10 17:00:00,{'pre': {'2023-11-10 17:00:00': 29}},29.0,0.0,0.0,,False,339.5,334.0,333.65,-158.59998500000074,0.35000000000002274,0.1049003446725679,holdings,BSE:ASTERDM,,,9677.3,,,,,,,,,,,,,,,,,,333.7,333.0,334.0,329.7,333.6,29,9844.6,9686.0,-167.3,-158.59998500000074,-1.7,-1.6,9675.8,1.5,0.0
BAJAJ-AUTO,BSE,136442116,INE917I01010,CNC,0.0,0,0.0,2.0,0.0,2.0,2023-11-10 17:00:00,{'pre': {'2023-11-10 17:00:00': 2}},2.0,0.0,0.0,,False,5404.8,5374.2,5419.75,-61.30000000000109,-45.55000000000018,-0.8404446699571047,holdings,BSE:BAJAJ-AUTO,,,10756.6,,,,,,,,,,,,,,,,,,5378.3,5435.0,5435.0,5350.0,5419.8,2,10809.7,10869.9,-53.1,60.19999999999891,-0.5,0.6,10839.5,-82.9,-0.8
BAJAJCON,BSE,136506628,INE933K01021,CNC,0.0,40,0.0,0.0,40.0,40.0,2023-11-10 17:00:00,{'pre': {'2023-11-10 17:00:00': 40}},40.0,0.0,0.0,,False,247.6,225.7,219.9,-876.0000000000002,5.799999999999983,2.637562528422002,holdings,BSE:BAJAJCON,,,9028.0,,,,,,,,,,,,,,,,,,225.7,223.4,225.7,220.8,219.9,40,9904.0,9028.0,-876.0,-876.0,-8.8,-8.8,8796.0,232.0,2.6
BAJAJFINSV,BSE,136442372,INE918I01026,CNC,0.0,0,0.0,6.0,0.0,6.0,2023-11-10 17:00:00,{'pre': {'2023-11-10 17:00:00': 6}},6.0,0.0,0.0,,False,1573.6,1585.15,1583.05,69.0,2.1000000000001364,0.1326553172673091,holdings,BSE:BAJAJFINSV,,,9515.1,,,,,,,,,,,,,,,,,,1585.8,1585.0,1586.9,1573.3,1583.0,6,9441.9,9521.400000000001,73.2,79.5,0.8,0.8,9498.3,16.8,0.2
BALKRISIND,NSE,85761,INE787D01026,CNC,0.0,4,0.0,0.0,4.0,4.0,2023-11-10 17:00:00,{'pre': {'2023-11-10 17:00:00': 4}},4.0,0.0,0.0,,False,2592.4,2566.25,2584.15,-104.60000000000036,-17.90000000000009,-0.6926842482054095,holdings,NSE:BALKRISIND,,,10264.4,,,,,,,,,,,,,,,,,,2566.1,2580.0,2583.8,2547.0,2584.2,4,10369.6,10335.0,-105.2,-34.600000000000364,-1.0,-0.3,10336.6,-72.2,-0.7
BBTC,NSE,97281,INE050A01025,CNC,0.0,0,0.0,7.0,0.0,7.0,2023-11-10 17:00:00,{'pre': {'2023-11-10 17:00:00': 7}},7.0,0.0,0.0,,False,1458.3,1453.4,1431.4,-34.19999800000005,22.0,1.5369568254855386,holdings,NSE:BBTC,,,10164.0,,,,,,,,,,,,,,,,,,1452.0,1433.0,1464.5,1420.0,1431.4,7,10208.0,10251.5,-44.0,43.50000199999886,-0.4,0.4,10019.8,144.2,1.4
BIL,BSE,134826500,INE828A01016,CNC,0.0,40,0.0,0.0,40.0,40.0,2023-11-10 17:00:00,{'pre': {'2023-11-10 17:00:00': 40}},40.0,0.0,0.0,,False,255.0,231.25,230.7,-950.7000000000005,0.5500000000000114,0.23840485478977522,holdings,BSE:BIL,,,9250.0,,,,,,,,,,,,,,,,,,231.2,231.2,231.3,231.2,230.7,40,10200.7,9252.0,-950.7,-948.7000000000007,-9.3,-9.3,9228.0,22.0,0.2
BLUESTARCO,BSE,128017156,INE472A01039,CNC,0.0,0,0.0,10.0,0.0,10.0,2023-11-10 17:00:00,{'pre': {'2023-11-10 17:00:00': 10}},10.0,0.0,0.0,,False,969.0,937.5,921.9,-314.85000000000014,15.600000000000023,1.6921575008135397,holdings,BSE:BLUESTARCO,,,9367.0,,,,,,,,,,,,,,,,,,936.7,921.0,942.0,916.0,921.9,10,9689.8,9420.0,-322.9,-269.85000000000036,-3.3,-2.8,9219.0,148.0,1.6
BRNL,BSE,138419204,INE727S01012,CNC,0.0,588,0.0,0.0,588.0,588.0,2023-11-10 17:00:00,{'pre': {'2023-11-10 17:00:00': 588}},588.0,0.0,0.0,,False,42.4,39.72,41.2,-1580.2394160000017,-1.480000000000004,-3.5922330097087474,holdings,BSE:BRNL,,,23355.4,,,,,,,,,,,,,,,,,,39.7,40.9,40.9,39.7,41.2,588,24935.6,24049.2,-1580.2,-886.3994160000002,-6.3,-3.6,24225.6,-870.2,-3.6
BSOFT,NSE,1790465,INE836A01035,CNC,0.0,0,0.0,17.0,0.0,17.0,2023-11-10 17:00:00,{'pre': {'2023-11-10 17:00:00': 17}},17.0,0.0,0.0,,False,586.6,582.25,583.0,-74.79999999999961,-0.75,-0.1286449399656947,holdings,NSE:BSOFT,,,9909.3,,,,,,,,,,,,,,,,,,582.9,584.6,593.9,580.2,583.0,17,9973.0,10096.3,-63.8,123.25,-0.6,1.2,9911.0,-1.7,-0.0
CENTENKA,NSE,158465,INE485A01015,CNC,0.0,54,0.0,0.0,54.0,54.0,2023-11-10 17:00:00,{'pre': {'2023-11-10 17:00:00': 54}},54.0,0.0,0.0,,False,455.8,411.9,414.35,-2367.9000000000015,-2.4500000000000455,-0.5912875588270895,holdings,NSE:CENTENKA,,,22250.7,,,,,,,,,,,,,,,,,,412.0,414.4,414.4,408.0,414.4,54,24610.5,22374.9,-2359.8,-2235.5999999999985,-9.6,-9.1,22374.9,-124.2,-0.6
CHOLAHLDNG,NSE,5565441,INE149A01033,CNC,0.0,21,0.0,0.0,21.0,21.0,2023-11-10 17:00:00,{'pre': {'2023-11-10 17:00:00': 21}},21.0,0.0,0.0,,False,1140.0,1109.4,1116.85,-642.5999999999981,-7.449999999999818,-0.6670546626673071,holdings,NSE:CHOLAHLDNG,,,23326.8,,,,,,,,,,,,,,,,,,1110.8,1128.8,1128.8,1105.6,1116.8,21,23940.0,23704.8,-613.2,-235.20000000000073,-2.6,-1.0,23453.8,-127.0,-0.5
CINEVISTA,BSE,136274948,INE039B01026,CNC,0.0,844,0.0,0.0,844.0,844.0,2023-11-10 17:00:00,{'pre': {'2023-11-10 17:00:00': 844}},844.0,0.0,0.0,,False,20.2,18.35,18.2,-1582.5,0.15000000000000213,0.824175824175836,holdings,BSE:CINEVISTA,,,15487.4,,,,,,,,,,,,,,,,,,18.4,17.8,18.6,17.4,18.2,844,17069.9,15698.400000000001,-1582.5,-1371.5,-9.3,-8.0,15360.8,126.6,0.8
CRAFTSMAN,NSE,730625,INE00LO01017,CNC,0.0,0,0.0,2.0,0.0,2.0,2023-11-10 17:00:00,{'pre': {'2023-11-10 17:00:00': 2}},2.0,0.0,0.0,,False,4927.0,4891.05,4909.1,-71.89999999999964,-18.050000000000182,-0.3676845042879587,holdings,NSE:CRAFTSMAN,,,9781.0,,,,,,,,,,,,,,,,,,4890.5,4909.0,4956.0,4880.0,4909.1,2,9854.0,9912.0,-73.0,58.0,-0.7,0.6,9818.2,-37.2,-0.4
CYBERTECH,NSE,1549057,INE214A01019,CNC,0.0,157,0.0,0.0,157.0,157.0,2023-11-10 17:00:00,{'pre': {'2023-11-10 17:00:00': 157}},157.0,0.0,0.0,,False,158.5,143.65,143.6,-2331.449999999999,0.05000000000001137,0.03481894150418619,holdings,NSE:CYBERTECH,,,22553.0,,,,,,,,,,,,,,,,,,143.6,143.6,144.2,141.8,143.6,157,24884.5,22639.399999999998,-2331.5,-2245.100000000002,-9.4,-9.0,22545.2,7.8,0.0
DSSL,NSE,6576641,INE417B01040,CNC,0.0,30,0.0,0.0,30.0,30.0,2023-11-10 17:00:00,{'pre': {'2023-11-10 17:00:00': 30}},30.0,0.0,0.0,,False,810.8,666.3,656.95,-4336.500000000002,9.349999999999909,1.4232437780652878,holdings,NSE:DSSL,,,19989.0,,,,,,,,,,,,,,,,,,666.3,657.0,675.0,657.0,657.0,30,24325.5,20250.0,-4336.5,-4075.5,-17.8,-16.8,19708.5,280.5,1.4
EXIDEIND,NSE,173057,INE302A01020,CNC,0.0,0,0.0,37.0,0.0,37.0,2023-11-10 17:00:00,{'pre': {'2023-11-10 17:00:00': 37}},37.0,0.0,0.0,,False,269.6,267.7,268.7,-70.19998900000138,-1.0,-0.3721622627465575,holdings,NSE:EXIDEIND,,,9910.4,,,,,,,,,,,,,,,,,,267.8,268.4,268.8,266.0,268.7,37,9975.1,9947.45,-64.6,-27.64998899999955,-0.6,-0.3,9941.9,-31.4,-0.3
GALAXYSURF,NSE,336641,INE600K01018,CNC,0.0,0,4.0,0.0,0.0,4.0,2023-11-10 17:00:00,{'pre': {'2023-11-10 17:00:00': 4}},4.0,0.0,0.0,,False,2843.1,2936.5,2844.7,0.0,91.80000000000018,3.2270538193834213,holdings,NSE:GALAXYSURF,,,0.0,,,,,,,,,,,,,,,,,,2937.8,2849.4,2974.0,2845.0,2844.7,0,0.0,0.0,0.0,0.0,,,0.0,0.0,
GENCON,BSE,138088196,INE854S01022,CNC,0.0,440,0.0,0.0,440.0,440.0,2023-11-10 17:00:00,{'pre': {'2023-11-10 17:00:00': 440}},440.0,0.0,0.0,,False,57.0,48.55,49.5,-3718.0000000000014,-0.9500000000000028,-1.9191919191919249,holdings,BSE:GENCON,,,21362.0,,,,,,,,,,,,,,,,,,48.6,50.9,51.8,48.5,49.5,440,25080.0,22792.0,-3718.0,-2288.0,-14.8,-9.1,21780.0,-418.0,-1.9
GICRE,NSE,70913,INE481Y01014,CNC,0.0,0,0.0,43.0,0.0,43.0,2023-11-10 17:00:00,{'pre': {'2023-11-10 17:00:00': 43}},43.0,0.0,0.0,,False,230.3,223.95,224.4,-273.050000000001,-0.45000000000001705,-0.20053475935829637,holdings,NSE:GICRE,,,9629.8,,,,,,,,,,,,,,,,,,224.0,223.0,226.4,221.4,224.4,43,9902.9,9735.2,-273.0,-167.6999999999989,-2.8,-1.7,9649.2,-19.4,-0.2
GODFRYPHLP,BSE,128041732,INE260B01028,CNC,0.0,0,0.0,5.0,0.0,5.0,2023-11-10 17:00:00,{'pre': {'2023-11-10 17:00:00': 5}},5.0,0.0,0.0,,False,2103.2,2091.4,2088.6,-58.75,2.800000000000182,0.13406109355550042,holdings,BSE:GODFRYPHLP,,,10457.0,,,,,,,,,,,,,,,,,,2091.4,2100.0,2100.0,2081.6,2088.6,5,10515.8,10500.0,-58.8,-15.75,-0.6,-0.1,10443.0,14.0,0.1
GODREJIND,NSE,2796801,INE233A01035,CNC,0.0,0,0.0,15.0,0.0,15.0,2023-11-10 17:00:00,{'pre': {'2023-11-10 17:00:00': 15}},15.0,0.0,0.0,,False,667.8,669.25,667.7,22.5,1.5499999999999545,0.23214018271678216,holdings,NSE:GODREJIND,,,10032.8,,,,,,,,,,,,,,,,,,668.8,665.0,671.0,655.9,667.7,15,10016.2,10065.0,16.5,48.75,0.2,0.5,10015.5,17.2,0.2
GPIL,NSE,3432705,INE177H01021,CNC,0.0,16,0.0,0.0,16.0,16.0,2023-11-10 17:00:00,{'pre': {'2023-11-10 17:00:00': 16}},16.0,0.0,0.0,,False,625.9,623.5,618.5,-38.100000000000364,5.0,0.8084074373484237,holdings,NSE:GPIL,,,9976.8,,,,,,,,,,,,,,,,,,623.6,616.0,624.7,616.0,618.5,16,10014.1,9995.2,-37.3,-18.899999999999636,-0.4,-0.2,9896.0,80.8,0.8
GSFC,BSE,128176644,INE026A01025,CNC,0.0,0,0.0,54.0,0.0,54.0,2023-11-10 17:00:00,{'pre': {'2023-11-10 17:00:00': 54}},54.0,0.0,0.0,,False,186.8,181.0,182.35,-313.2000000000006,-1.3499999999999943,-0.7403345215245377,holdings,BSE:GSFC,,,9774.0,,,,,,,,,,,,,,,,,,181.0,182.9,182.9,179.4,182.4,54,10087.2,9876.6,-313.2,-210.60000000000036,-3.1,-2.1,9846.9,-72.9,-0.7
HCG,NSE,3982081,INE075I01017,CNC,0.0,0,67.0,0.0,0.0,67.0,2023-11-10 17:00:00,{'pre': {'2023-11-10 17:00:00': 67}},67.0,0.0,0.0,,False,371.8,386.8,373.1,0.0,13.699999999999989,3.6719378182792783,holdings,NSE:HCG,,,0.0,,,,,,,,,,,,,,,,,,386.8,376.0,388.8,367.8,373.1,0,0.0,0.0,0.0,0.0,,,0.0,0.0,
HEROMOTOCO,NSE,345089,INE158A01026,CNC,0.0,0,0.0,3.0,0.0,3.0,2023-11-10 17:00:00,{'pre': {'2023-11-10 17:00:00': 3}},3.0,0.0,0.0,,False,3164.0,3140.0,3173.9,-72.0,-33.90000000000009,-1.0680865811777338,holdings,NSE:HEROMOTOCO,,,9426.0,,,,,,,,,,,,,,,,,,3142.0,3173.8,3179.0,3107.5,3173.9,3,9492.0,9537.150000000001,-66.0,45.150000000001455,-0.7,0.5,9521.7,-95.7,-1.0
IDEA,BSE,136402436,INE669E01016,CNC,0.0,0,722.0,0.0,0.0,722.0,2023-11-10 17:00:00,{'pre': {'2023-11-10 17:00:00': 722}},722.0,0.0,0.0,,False,13.8,14.03,13.91,0.0,0.11999999999999922,0.8626887131559973,holdings,BSE:IDEA,,,0.0,,,,,,,,,,,,,,,,,,14.0,14.1,14.4,13.8,13.9,0,0.0,0.0,0.0,0.0,,,0.0,0.0,
INDIGO,BSE,138098692,INE646L01027,CNC,0.0,0,0.0,4.0,0.0,4.0,2023-11-10 17:00:00,{'pre': {'2023-11-10 17:00:00': 4}},4.0,0.0,0.0,,False,2594.6,2523.15,2583.05,-285.60000000000036,-59.90000000000009,-2.318964015408145,holdings,BSE:INDIGO,,,10104.0,,,,,,,,,,,,,,,,,,2526.0,2599.0,2599.0,2520.3,2583.0,4,10378.2,10395.8,-274.2,17.599999999998545,-2.6,0.2,10332.2,-228.2,-2.2
INDORAMA,NSE,2814209,INE156A01020,CNC,0.0,441,0.0,0.0,441.0,441.0,2023-11-10 17:00:00,{'pre': {'2023-11-10 17:00:00': 441}},441.0,0.0,0.0,,False,56.8,51.8,51.25,-2182.950000000001,0.5499999999999972,1.0731707317073116,holdings,NSE:INDORAMA,,,22843.8,,,,,,,,,,,,,,,,,,51.8,51.8,52.4,51.4,51.2,441,25026.8,23108.399999999998,-2183.0,-1918.3500000000022,-8.7,-7.7,22601.2,242.5,1.1
IRB,BSE,136434436,INE821I01022,CNC,0.0,0,0.0,279.0,0.0,279.0,2023-11-10 17:00:00,{'pre': {'2023-11-10 17:00:00': 279}},279.0,0.0,0.0,,False,35.8,34.83,35.41,-270.62999999999965,-0.5799999999999983,-1.6379553798361999,holdings,BSE:IRB,,,9720.4,,,,,,,,,,,,,,,,,,34.8,35.1,35.2,34.7,35.4,279,9988.2,9834.75,-267.8,-153.4499999999989,-2.7,-1.5,9879.4,-159.0,-1.6
ISEC,NSE,637185,INE763G01038,CNC,0.0,0,0.0,15.0,0.0,15.0,2023-11-10 17:00:00,{'pre': {'2023-11-10 17:00:00': 15}},15.0,0.0,0.0,,False,661.7,652.05,660.0,-144.75000000000136,-7.9500000000000455,-1.2045454545454615,holdings,NSE:ISEC,,,9786.0,,,,,,,,,,,,,,,,,,652.4,663.4,663.4,650.4,660.0,15,9925.5,9950.25,-139.5,24.75,-1.4,0.2,9900.0,-114.0,-1.2
JAYNECOIND,NSE,596737,INE854B01010,CNC,0.0,254,0.0,0.0,254.0,254.0,2023-11-10 17:00:00,{'pre': {'2023-11-10 17:00:00': 254}},254.0,0.0,0.0,,False,39.6,37.8,37.55,-457.20000000000107,0.25,0.6657789613848203,holdings,NSE:JAYNECOIND,,,9588.5,,,,,,,,,,,,,,,,,,37.8,37.7,37.9,37.4,37.6,254,10058.4,9626.6,-469.9,-431.7999999999993,-4.7,-4.3,9537.7,50.8,0.5
JKLAKSHMI,NSE,3453697,INE786A01032,CNC,0.0,0,13.0,0.0,0.0,13.0,2023-11-10 17:00:00,{'pre': {'2023-11-10 17:00:00': 13}},13.0,0.0,0.0,,False,779.4,787.9,780.3,0.0,7.600000000000023,0.9739843649878281,holdings,NSE:JKLAKSHMI,,,0.0,,,,,,,,,,,,,,,,,,787.6,781.0,797.0,781.0,780.3,0,0.0,0.0,0.0,0.0,,,0.0,0.0,
KAYNES,BSE,139177988,INE918Z01012,CNC,0.0,4,0.0,0.0,4.0,4.0,2023-11-10 17:00:00,{'pre': {'2023-11-10 17:00:00': 4}},4.0,0.0,0.0,,False,2493.0,2477.55,2484.55,-61.79999999999927,-7.0,-0.2817411603710933,holdings,BSE:KAYNES,,,9910.2,,,,,,,,,,,,,,,,,,2477.6,2484.9,2497.9,2464.0,2484.6,4,9972.0,9991.6,-61.8,19.600000000000364,-0.6,0.2,9938.2,-28.0,-0.3
KDDL,NSE,3816449,INE291D01011,CNC,0.0,10,0.0,0.0,10.0,10.0,2023-11-10 17:00:00,{'pre': {'2023-11-10 17:00:00': 10}},10.0,0.0,0.0,,False,2490.0,2477.55,2433.25,-124.44999999999709,44.30000000000018,1.8206102948731195,holdings,NSE:KDDL,,,24836.0,,,,,,,,,,,,,,,,,,2483.6,2406.0,2487.8,2406.0,2433.2,10,24899.9,24878.0,-63.9,-21.94999999999709,-0.3,-0.1,24332.5,503.5,2.1
KKCL,NSE,3425537,INE401H01017,CNC,0.0,12,0.0,0.0,12.0,12.0,2023-11-10 17:00:00,{'pre': {'2023-11-10 17:00:00': 12}},12.0,0.0,0.0,,False,782.0,768.25,766.8,-165.59999999999945,1.4500000000000455,0.18909754825248376,holdings,NSE:KKCL,,,9223.8,,,,,,,,,,,,,,,,,,768.6,760.0,775.4,760.0,766.8,12,9384.6,9304.8,-160.8,-79.79999999999927,-1.7,-0.9,9201.6,22.2,0.2
KRISHANA,NSE,3288833,INE506W01012,CNC,0.0,19,0.0,0.0,19.0,19.0,2023-11-10 17:00:00,{'pre': {'2023-11-10 17:00:00': 19}},19.0,0.0,0.0,,False,0.0,245.05,251.05,4655.95,-6.0,-2.3899621589324833,holdings,NSE:KRISHANA,,,4656.0,,,,,,,,,,,,,,,,,,245.0,250.6,251.5,244.1,251.0,19,0.0,4778.5,4656.0,4778.5,inf,inf,4770.0,-114.0,-2.4
KSB,NSE,498945,INE999A01015,CNC,0.0,3,0.0,0.0,3.0,3.0,2023-11-10 17:00:00,{'pre': {'2023-11-10 17:00:00': 3}},3.0,0.0,0.0,,False,3162.8,3102.2,3092.1,-181.65000000000055,10.099999999999909,0.32663885385336533,holdings,NSE:KSB,,,9297.0,,,,,,,,,,,,,,,,,,3099.0,3070.0,3109.8,3055.0,3092.1,3,9488.2,9329.25,-191.2,-159.0,-2.0,-1.7,9276.3,20.7,0.2
L&TFH,NSE,6386689,INE498L01015,CNC,0.0,70,0.0,0.0,70.0,70.0,2023-11-10 17:00:00,{'pre': {'2023-11-10 17:00:00': 70}},70.0,0.0,0.0,,False,142.4,140.55,140.95,-129.4999999999996,-0.39999999999997726,-0.2837885775097391,holdings,NSE:L&TFH,,,9856.0,,,,,,,,,,,,,,,,,,140.8,141.0,141.1,138.5,141.0,70,9968.0,9877.0,-112.0,-91.0,-1.1,-0.9,9866.5,-10.5,-0.1
LINDEINDIA,BSE,134004996,INE473A01011,CNC,0.0,2,0.0,0.0,2.0,2.0,2023-11-10 17:00:00,{'pre': {'2023-11-10 17:00:00': 2}},2.0,0.0,0.0,,False,6213.6,6047.95,6114.05,-331.39999999999964,-66.10000000000036,-1.081116444909681,holdings,BSE:LINDEINDIA,,,12095.9,,,,,,,,,,,,,,,,,,6048.0,6060.0,6086.0,5990.4,6114.0,2,12427.3,12171.9,-331.4,-255.39999999999964,-2.7,-2.1,12228.1,-132.2,-1.1
LODHA,NSE,824321,INE670K01029,CNC,0.0,0,12.0,0.0,0.0,12.0,2023-11-10 17:00:00,{'pre': {'2023-11-10 17:00:00': 12}},12.0,0.0,0.0,,False,854.7,855.0,849.35,0.0,5.649999999999977,0.6652145758521195,holdings,NSE:LODHA,,,0.0,,,,,,,,,,,,,,,,,,855.0,848.0,875.0,837.6,849.4,0,0.0,0.0,0.0,0.0,,,0.0,0.0,
MADRASFERT,NSE,1257217,INE414A01015,CNC,0.0,309,0.0,0.0,309.0,309.0,2023-11-10 17:00:00,{'pre': {'2023-11-10 17:00:00': 309}},309.0,0.0,0.0,,False,80.9,76.5,77.0,-1365.799775999999,-0.5,-0.6493506493506493,holdings,NSE:MADRASFERT,,,23669.4,,,,,,,,,,,,,,,,,,76.6,76.6,77.4,76.2,77.0,309,25004.3,23916.600000000002,-1334.9,-1087.6997759999977,-5.3,-4.4,23793.0,-123.6,-0.5
MAHESHWARI,NSE,2451457,INE263W01010,CNC,0.0,261,0.0,0.0,261.0,261.0,2023-11-10 17:00:00,{'pre': {'2023-11-10 17:00:00': 261}},261.0,0.0,0.0,,False,95.6,85.2,85.15,-2727.4500000000007,0.04999999999999716,0.05871990604814698,holdings,NSE:MAHESHWARI,,,22276.4,,,,,,,,,,,,,,,,,,85.4,86.0,88.2,85.0,85.2,261,24964.6,23020.2,-2688.3,-1944.4500000000007,-10.8,-7.8,22224.2,52.2,0.2
MANGLMCEM,BSE,128552196,INE347A01017,CNC,0.0,60,0.0,0.0,60.0,60.0,2023-11-10 17:00:00,{'pre': {'2023-11-10 17:00:00': 60}},60.0,0.0,0.0,,False,415.6,415.8,411.05,11.999999999999318,4.75,1.15557718039168,holdings,BSE:MANGLMCEM,,,24948.0,,,,,,,,,,,,,,,,,,415.8,408.7,417.0,408.7,411.0,60,24936.0,25020.0,12.0,84.0,0.0,0.3,24663.0,285.0,1.2
MAPMYINDIA,BSE,139116804,INE0BV301023,CNC,0.0,0,0.0,5.0,0.0,5.0,2023-11-10 17:00:00,{'pre': {'2023-11-10 17:00:00': 5}},5.0,0.0,0.0,,False,2077.5,2078.2,2063.3,3.449999999997999,14.899999999999636,0.7221441380312913,holdings,BSE:MAPMYINDIA,,,10402.2,,,,,,,,,,,,,,,,,,2080.4,2082.8,2099.5,2048.2,2063.3,5,10387.6,10497.5,14.7,109.94999999999891,0.1,1.1,10316.5,85.8,0.8
MKPL,NSE,4284417,INE964W01021,CNC,0.0,0,29.0,0.0,0.0,29.0,2023-11-10 17:00:00,{'pre': {'2023-11-10 17:00:00': 29}},29.0,0.0,0.0,,False,85.0,99.4,84.25,0.0,15.150000000000006,17.982195845697333,holdings,NSE:MKPL,,,0.0,,,,,,,,,,,,,,,,,,99.2,84.8,100.0,83.4,84.2,0,0.0,0.0,0.0,0.0,,,0.0,0.0,
MURUDCERA,BSE,131849476,INE692B01014,CNC,0.0,358,0.0,0.0,358.0,358.0,2023-11-10 17:00:00,{'pre': {'2023-11-10 17:00:00': 358}},358.0,0.0,0.0,,False,69.8,62.88,64.1,-2459.459999999999,-1.2199999999999918,-1.903276131045229,holdings,BSE:MURUDCERA,,,22511.0,,,,,,,,,,,,,,,,,,62.9,62.0,66.0,62.0,64.1,358,24970.5,23613.679999999997,-2459.5,-1356.8200000000033,-9.8,-5.4,22947.8,-436.8,-1.9
OBCL,BSE,138548740,INE426Z01016,CNC,0.0,396,0.0,0.0,396.0,396.0,2023-11-10 17:00:00,{'pre': {'2023-11-10 17:00:00': 396}},396.0,0.0,0.0,,False,67.0,58.4,59.05,-3422.0997360000033,-0.6499999999999986,-1.1007620660457216,holdings,BSE:OBCL,,,23126.4,,,,,,,,,,,,,,,,,,58.4,59.9,60.4,58.2,59.0,396,26548.5,23898.600000000002,-3422.1,-2649.8997359999994,-12.9,-10.0,23383.8,-257.4,-1.1
OBEROIRLTY,NSE,5181953,INE093I01010,CNC,0.0,0,0.0,8.0,0.0,8.0,2023-11-10 17:00:00,{'pre': {'2023-11-10 17:00:00': 8}},8.0,0.0,0.0,,False,1262.4,1253.0,1256.3,-75.20000000000073,-3.2999999999999545,-0.26267611239353295,holdings,NSE:OBEROIRLTY,,,10027.6,,,,,,,,,,,,,,,,,,1253.4,1252.0,1264.6,1242.0,1256.3,8,10099.2,10117.2,-71.6,18.0,-0.7,0.2,10050.4,-22.8,-0.2
OIL,BSE,136475140,INE274J01014,CNC,0.0,32,0.0,0.0,32.0,32.0,2023-11-10 17:00:00,{'pre': {'2023-11-10 17:00:00': 32}},32.0,0.0,0.0,,False,315.0,304.75,302.35,-328.0,2.3999999999999773,0.7937820406813221,holdings,BSE:OIL,,,9753.6,,,,,,,,,,,,,,,,,,304.8,302.3,305.6,300.4,302.4,32,10080.0,9780.8,-326.4,-299.2000000000007,-3.2,-3.0,9675.2,78.4,0.8
OLECTRA,NSE,2723073,INE260D01016,CNC,0.0,0,0.0,8.0,0.0,8.0,2023-11-10 17:00:00,{'pre': {'2023-11-10 17:00:00': 8}},8.0,0.0,0.0,,False,1187.5,1171.2,1171.65,-130.39999999999964,-0.4500000000000455,-0.03840737421585332,holdings,NSE:OLECTRA,,,9358.0,,,,,,,,,,,,,,,,,,1169.8,1171.9,1175.5,1160.0,1171.6,8,9500.0,9404.0,-142.0,-96.0,-1.5,-1.0,9373.2,-15.2,-0.2
PGHL,NSE,240641,INE199A01012,CNC,0.0,0,0.0,2.0,0.0,2.0,2023-11-10 17:00:00,{'pre': {'2023-11-10 17:00:00': 2}},2.0,0.0,0.0,,False,5176.6,5176.05,5168.75,-1.1999999999989086,7.300000000000182,0.14123337363966493,holdings,NSE:PGHL,,,10364.1,,,,,,,,,,,,,,,,,,5182.0,5168.8,5244.9,5160.0,5168.8,2,10353.3,10489.8,10.8,136.5,0.1,1.3,10337.5,26.6,0.3
PNB,NSE,2730497,INE160A01022,CNC,0.0,132,0.0,0.0,132.0,132.0,2023-11-10 17:00:00,{'pre': {'2023-11-10 17:00:00': 132}},132.0,0.0,0.0,,False,75.6,75.75,76.0,13.19999999999925,-0.25,-0.3289473684210526,holdings,NSE:PNB,,,9992.4,,,,,,,,,,,,,,,,,,75.7,75.9,76.1,75.5,76.0,132,9985.8,10045.199999999999,6.6,59.39999999999782,0.1,0.6,10032.0,-39.6,-0.4
PNBHOUSING,BSE,138284292,INE572E01012,CNC,0.0,33,0.0,0.0,33.0,33.0,2023-11-10 17:00:00,{'pre': {'2023-11-10 17:00:00': 33}},33.0,0.0,0.0,,False,747.3,740.85,745.65,-212.84999999999775,-4.7999999999999545,-0.6437336552001549,holdings,BSE:PNBHOUSING,,,24459.6,,,,,,,,,,,,,,,,,,741.2,745.0,751.3,737.0,745.6,33,24660.9,24792.899999999998,-201.3,132.0,-0.8,0.5,24606.4,-146.8,-0.6
POWERGRID,BSE,136421892,INE752E01010,CNC,0.0,0,48.0,0.0,0.0,48.0,2023-11-10 17:00:00,{'pre': {'2023-11-10 17:00:00': 48}},48.0,0.0,0.0,,False,208.2,210.4,210.0,0.0,0.4000000000000057,0.19047619047619319,holdings,BSE:POWERGRID,,,0.0,,,,,,,,,,,,,,,,,,210.4,211.0,212.9,209.5,210.0,0,0.0,0.0,0.0,0.0,,,0.0,0.0,
PRITIKAUTO-BE,NSE,1355777,INE583R01029,CNC,0.0,814,0.0,0.0,814.0,814.0,2023-11-10 17:00:00,{'pre': {'2023-11-10 17:00:00': 814}},814.0,0.0,0.0,,False,23.0,20.75,20.95,-1790.7999999999995,-0.1999999999999993,-0.9546539379474906,holdings,NSE:PRITIKAUTO-BE,,,16931.2,,,,,,,,,,,,,,,,,,20.8,21.0,21.4,20.4,21.0,814,18681.3,17378.9,-1750.1,-1302.3999999999978,-9.4,-7.0,17053.3,-122.1,-0.7
PRUDENT,NSE,2445569,INE00F201020,CNC,0.0,7,0.0,0.0,7.0,7.0,2023-11-10 17:00:00,{'pre': {'2023-11-10 17:00:00': 7}},7.0,0.0,0.0,,False,1275.4,1221.3,1184.85,-378.70000000000095,36.450000000000045,3.0763387770603914,holdings,NSE:PRUDENT,,,8564.2,,,,,,,,,,,,,,,,,,1223.4,1176.0,1234.0,1166.2,1184.8,7,8927.8,8638.0,-363.7,-289.8000000000011,-4.1,-3.2,8293.9,270.2,3.3
PUNJABCHEM,BSE,129694212,INE277B01014,CNC,0.0,19,0.0,0.0,19.0,19.0,2023-11-10 17:00:00,{'pre': {'2023-11-10 17:00:00': 19}},19.0,0.0,0.0,,False,1265.0,1132.9,1153.75,-2509.8999999999983,-20.84999999999991,-1.8071505958829823,holdings,BSE:PUNJABCHEM,,,21525.1,,,,,,,,,,,,,,,,,,1132.9,1155.0,1163.0,1130.0,1153.8,19,24035.0,22097.95,-2509.9,-1937.0499999999993,-10.4,-8.1,21921.2,-396.1,-1.8
RAJTV,NSE,3687169,INE952H01027,CNC,0.0,1389,0.0,0.0,1389.0,1389.0,2023-11-10 17:00:00,{'pre': {'2023-11-10 17:00:00': 1389}},1389.0,0.0,0.0,,False,54.2,52.7,52.9,-2083.5,-0.19999999999999574,-0.37807183364838515,holdings,NSE:RAJTV,,,73200.3,,,,,,,,,,,,,,,,,,52.7,52.9,52.9,52.5,52.9,1389,75283.8,73478.09999999999,-2083.5,-1805.7000000000116,-2.8,-2.4,73478.1,-277.8,-0.4
RANEHOLDIN,BSE,129484804,INE384A01010,CNC,0.0,19,0.0,0.0,19.0,19.0,2023-11-10 17:00:00,{'pre': {'2023-11-10 17:00:00': 19}},19.0,0.0,0.0,,False,1301.6,1220.6,1223.7,-1538.0500000000009,-3.1000000000001364,-0.2533300645583179,holdings,BSE:RANEHOLDIN,,,23191.4,,,,,,,,,,,,,,,,,,1220.6,1239.0,1249.0,1213.1,1223.7,19,24729.4,23731.0,-1538.1,-998.4500000000007,-6.2,-4.0,23250.3,-58.9,-0.3
REPL,NSE,378881,INE364Z01019,CNC,0.0,110,0.0,0.0,110.0,110.0,2023-11-10 17:00:00,{'pre': {'2023-11-10 17:00:00': 110}},110.0,0.0,0.0,,False,226.2,212.5,214.1,-1512.5,-1.5999999999999943,-0.7473143390938787,holdings,NSE:REPL,,,23375.0,,,,,,,,,,,,,,,,,,212.5,215.1,218.8,210.9,214.1,110,24887.5,24073.5,-1512.5,-814.0,-6.1,-3.3,23551.0,-176.0,-0.7
RML,BSE,136361220,INE050H01012,CNC,0.0,29,0.0,0.0,29.0,29.0,2023-11-10 17:00:00,{'pre': {'2023-11-10 17:00:00': 29}},29.0,0.0,0.0,,False,846.2,798.35,795.0,-1387.9499759999983,3.3500000000000227,0.42138364779874504,holdings,BSE:RML,,,23152.2,,,,,,,,,,,,,,,,,,798.4,777.0,807.1,777.0,795.0,29,24540.1,23405.9,-1387.9,-1134.1999759999962,-5.7,-4.6,23055.0,97.2,0.4
ROUTE,NSE,32769,INE450U01017,CNC,0.0,0,0.0,6.0,0.0,6.0,2023-11-10 17:00:00,{'pre': {'2023-11-10 17:00:00': 6}},6.0,0.0,0.0,,False,1558.0,1555.45,1555.0,-15.599999999999454,0.4500000000000455,0.0289389067524145,holdings,NSE:ROUTE,,,9332.7,,,,,,,,,,,,,,,,,,1555.4,1550.0,1559.8,1549.0,1555.0,6,9348.3,9358.5,-15.6,10.200000000000728,-0.2,0.1,9330.0,2.7,0.0
RUSHIL,NSE,6296321,INE573K01017,CNC,0.0,134,0.0,0.0,134.0,134.0,2023-11-10 17:00:00,{'pre': {'2023-11-10 17:00:00': 134}},134.0,0.0,0.0,,False,370.8,345.0,347.0,-3457.7999180000024,-2.0,-0.5763688760806917,holdings,NSE:RUSHIL,,,46129.5,,,,,,,,,,,,,,,,,,344.2,348.0,348.8,343.0,347.0,134,49687.8,46739.200000000004,-3558.3,-2948.599918,-7.2,-5.9,46498.0,-368.5,-0.8
RVHL-BE,NSE,402433,INE09E501017,CNC,0.0,112,0.0,0.0,112.0,112.0,2023-11-10 17:00:00,{'pre': {'2023-11-10 17:00:00': 112}},112.0,0.0,0.0,,False,44.8,34.0,34.75,-1204.0,-0.75,-2.158273381294964,holdings,NSE:RVHL-BE,,,3808.0,,,,,,,,,,,,,,,,,,34.0,34.8,35.9,33.8,34.8,112,5012.0,4020.7999999999997,-1204.0,-991.2000000000003,-24.0,-19.8,3892.0,-84.0,-2.2
SBILIFE,NSE,5582849,INE123W01016,CNC,0.0,18,0.0,0.0,18.0,18.0,2023-11-10 17:00:00,{'pre': {'2023-11-10 17:00:00': 18}},18.0,0.0,0.0,,False,1362.4,1349.9,1350.7,-225.0,-0.7999999999999545,-0.05922854816020985,holdings,NSE:SBILIFE,,,24286.5,,,,,,,,,,,,,,,,,,1349.2,1351.8,1360.0,1341.0,1350.7,18,24523.2,24480.0,-236.7,-43.20000000000073,-1.0,-0.2,24312.6,-26.1,-0.1
SHAREINDIA,NSE,26625,INE932X01018,CNC,0.0,16,0.0,0.0,16.0,16.0,2023-11-10 17:00:00,{'pre': {'2023-11-10 17:00:00': 16}},16.0,0.0,0.0,,False,1552.4,1507.2,1495.0,-722.3999999999978,12.200000000000045,0.8160535117056886,holdings,NSE:SHAREINDIA,,,24119.2,,,,,,,,,,,,,,,,,,1507.4,1494.0,1513.7,1490.0,1495.0,16,24837.6,24219.2,-718.4,-618.3999999999978,-2.9,-2.5,23920.0,199.2,0.8
SHEMAROO,NSE,1297409,INE363M01019,CNC,0.0,160,0.0,0.0,160.0,160.0,2023-11-10 17:00:00,{'pre': {'2023-11-10 17:00:00': 160}},160.0,0.0,0.0,,False,156.1,144.05,142.0,-1935.6499199999962,2.0500000000000114,1.443661971830994,holdings,NSE:SHEMAROO,,,23048.0,,,,,,,,,,,,,,,,,,144.0,140.1,145.6,140.1,142.0,160,24983.6,23304.0,-1935.6,-1679.6499199999962,-7.7,-6.7,22720.0,328.0,1.4
SKCIL,BSE,135930116,INE260E01014,CNC,0.0,23,0.0,0.0,23.0,23.0,2023-11-10 17:00:00,{'pre': {'2023-11-10 17:00:00': 23}},23.0,0.0,0.0,,False,154.0,137.75,141.95,-373.75,-4.199999999999989,-2.9587883057414506,holdings,BSE:SKCIL,,,3168.2,,,,,,,,,,,,,,,,,,137.8,140.0,142.0,130.7,142.0,23,3542.0,3266.0,-373.8,-276.0,-10.6,-7.8,3264.8,-96.6,-3.0
SKIPPER,NSE,2413569,INE439E01022,CNC,0.0,99,0.0,0.0,99.0,99.0,2023-11-10 17:00:00,{'pre': {'2023-11-10 17:00:00': 99}},99.0,0.0,0.0,,False,249.1,233.8,234.75,-1514.6999999999982,-0.9499999999999886,-0.4046858359957353,holdings,NSE:SKIPPER,,,23161.0,,,,,,,,,,,,,,,,,,234.0,235.0,237.2,230.0,234.8,99,24660.9,23487.75,-1499.8,-1173.1499999999978,-6.1,-4.8,23240.2,-79.2,-0.3
SOFTTECH,BSE,139128324,INE728Z01015,CNC,0.0,36,0.0,0.0,36.0,36.0,2023-11-10 17:00:00,{'pre': {'2023-11-10 17:00:00': 36}},36.0,0.0,0.0,,False,272.9,209.8,210.25,-2271.5999999999985,-0.44999999999998863,-0.21403091557668902,holdings,BSE:SOFTTECH,,,7552.8,,,,,,,,,,,,,,,,,,209.8,213.9,213.9,208.5,210.2,36,9824.4,7700.400000000001,-2271.6,-2123.999999999999,-23.1,-21.6,7569.0,-16.2,-0.2
SUNDRMFAST,BSE,128103172,INE387A01021,CNC,0.0,19,0.0,0.0,19.0,19.0,2023-11-10 17:00:00,{'pre': {'2023-11-10 17:00:00': 19}},19.0,0.0,0.0,,False,1298.9,1249.55,1253.15,-936.7999969999994,-3.6000000000001364,-0.2872760643179297,holdings,BSE:SUNDRMFAST,,,23741.4,,,,,,,,,,,,,,,,,,1249.6,1260.8,1262.0,1238.0,1253.2,19,24678.2,23978.95,-936.8,-699.2999969999983,-3.8,-2.8,23809.9,-68.4,-0.3
SUNTECK,BSE,131117828,INE805D01034,CNC,0.0,22,0.0,0.0,22.0,22.0,2023-11-10 17:00:00,{'pre': {'2023-11-10 17:00:00': 22}},22.0,0.0,0.0,,False,453.0,449.75,452.55,-70.39999999999975,-2.8000000000000114,-0.6187161639597859,holdings,BSE:SUNTECK,,,9894.5,,,,,,,,,,,,,,,,,,449.8,452.9,454.4,448.0,452.6,22,9964.9,9996.8,-70.4,31.899999999999636,-0.7,0.3,9956.1,-61.6,-0.6
TATAMOTORS,NSE,884737,INE155A01022,CNC,0.0,15,0.0,0.0,15.0,15.0,2023-11-10 17:00:00,{'pre': {'2023-11-10 17:00:00': 15}},15.0,0.0,0.0,,False,648.8,648.1,649.35,-9.749999999999659,-1.25,-0.19250019250019249,holdings,NSE:TATAMOTORS,,,9727.5,,,,,,,,,,,,,,,,,,648.5,649.4,652.2,644.0,649.4,15,9731.2,9783.0,-3.8,51.75,-0.0,0.5,9740.2,-12.8,-0.1
UNIONBANK,BSE,136314116,INE692A01016,CNC,0.0,95,0.0,0.0,95.0,95.0,2023-11-10 17:00:00,{'pre': {'2023-11-10 17:00:00': 95}},95.0,0.0,0.0,,False,105.0,103.35,103.95,-156.75000000000054,-0.6000000000000085,-0.5772005772005854,holdings,BSE:UNIONBANK,,,9813.5,,,,,,,,,,,,,,,,,,103.3,103.0,104.0,102.7,104.0,95,9975.0,9875.25,-161.5,-99.75,-1.6,-1.0,9875.2,-61.8,-0.6
VARROC,NSE,987393,INE665L01035,CNC,0.0,21,0.0,0.0,21.0,21.0,2023-11-10 17:00:00,{'pre': {'2023-11-10 17:00:00': 21}},21.0,0.0,0.0,,False,483.1,447.8,455.7,-741.8499899999999,-7.899999999999977,-1.7335966644722356,holdings,NSE:VARROC,,,9404.8,,,,,,,,,,,,,,,,,,447.8,457.0,457.0,441.2,455.7,21,10145.6,9597.0,-740.8,-548.6499899999999,-7.3,-5.4,9569.7,-164.8,-1.7
VISHAL,BSE,137881092,INE755Q01025,CNC,0.0,1118,0.0,0.0,1118.0,1118.0,2023-11-10 17:00:00,{'pre': {'2023-11-10 17:00:00': 1118}},1118.0,0.0,0.0,,False,22.4,20.32,20.34,-2269.5400000000013,-0.019999999999999574,-0.09832841691248562,holdings,BSE:VISHAL,,,22717.8,,,,,,,,,,,,,,,,,,20.3,20.4,20.6,20.3,20.3,1118,24987.3,22986.079999999998,-2269.5,-2001.2200000000048,-9.1,-8.0,22740.1,-22.4,-0.1
WELSPUNIND,NSE,2880769,INE192B01031,CNC,0.0,159,0.0,0.0,159.0,159.0,2023-11-10 17:00:00,{'pre': {'2023-11-10 17:00:00': 159}},159.0,0.0,0.0,,False,157.2,149.85,149.6,-1160.7000000000019,0.25,0.16711229946524064,holdings,NSE:WELSPUNIND,,,23818.2,,,,,,,,,,,,,,,,,,149.8,150.0,151.6,149.5,149.6,159,24986.9,24112.350000000002,-1168.7,-874.5,-4.7,-3.5,23786.4,31.8,0.1
IDEA,BSE,136402436,,CNC,,-722,,,,,,,,,,,,14.2,14.07,0.0,93.85999999999876,,,positions,BSE:IDEA,0.0,1.0,-10093.6,93.85999999999876,93.85999999999876,0.0,0.0,0.0,0.0,0.0,722.0,14.2,10252.4,10252.4,0.0,0.0,0.0,722.0,14.2,10252.4,14.0,14.1,14.4,13.8,13.9,-722,-10252.4,-10432.9,158.8,-180.5,-1.5,1.8,-10043.0,-50.5,0.5
POWERGRID,BSE,136421892,,CNC,,-48,,,,,,,,,,,,211.2,210.25,0.0,45.599999999998545,,,positions,BSE:POWERGRID,0.0,1.0,-10101.6,45.599999999998545,45.599999999998545,0.0,0.0,0.0,0.0,0.0,48.0,211.19999999999996,10137.599999999999,10137.599999999999,0.0,0.0,0.0,48.0,211.2,10137.599999999999,210.4,211.0,212.9,209.5,210.0,-48,-10137.6,-10219.2,36.0,-81.60000000000218,-0.4,0.8,-10080.0,-21.6,0.2
ABCAPITAL,NSE,5533185,,MIS,,-289,,,,,,,,,,,,173.0,174.45,0.0,-419.04999999999563,,,positions,NSE:ABCAPITAL,0.0,1.0,-50358.2,-419.04999999999563,-419.04999999999563,0.0,0.0,0.0,0.0,0.0,289.0,173.0,49997.0,49997.0,0.0,0.0,0.0,289.0,173.0,49997.0,174.2,173.5,174.7,172.0,174.0,-289,-49997.0,-50488.299999999996,-361.2,-491.29999999999563,0.7,1.0,-50271.5,-86.7,0.2
ABFRL,NSE,7707649,,MIS,,-235,,,,,,,,,,,,213.0,216.45,0.0,-799.0,,,positions,NSE:ABFRL,0.0,1.0,-50889.2,-799.0,-799.0,0.0,0.0,0.0,0.0,0.0,235.0,213.05,50066.75,50066.75,0.0,0.0,0.0,235.0,213.05,50066.75,216.6,208.2,218.2,208.2,215.0,-235,-50066.8,-51288.75,-822.5,-1222.0,1.6,2.4,-50525.0,-364.2,0.7
ADANIENSOL,NSE,2615553,,MIS,,-66,,,,,,,,,,,,752.9,754.05,0.0,-72.65000000000146,,,positions,NSE:ADANIENSOL,0.0,1.0,-49856.4,-72.65000000000146,-72.65000000000146,0.0,0.0,0.0,0.0,0.0,66.0,752.9492424242424,49694.649999999994,49694.649999999994,0.0,0.0,0.0,66.0,752.9492424242424,49694.649999999994,755.4,748.0,757.4,744.1,750.2,-66,-49694.6,-49991.700000000004,-161.8,-297.0500000000102,0.3,0.6,-49513.2,-343.2,0.7
ADANIENT,NSE,6401,,MIS,,-23,,,,,,,,,,,,2219.2,2219.05,0.0,3.2999999999956344,,,positions,NSE:ADANIENT,0.0,1.0,-51023.2,3.2999999999956344,3.2999999999956344,0.0,0.0,0.0,0.0,0.0,23.0,2219.1934782608696,51041.45,51041.45,0.0,0.0,0.0,23.0,2219.1934782608696,51041.45,2218.4,2220.2,2237.0,2208.2,2214.6,-23,-51041.4,-51451.0,18.2,-409.5500000000029,-0.0,0.8,-50937.0,-86.2,0.2
ALKYLAMINE,NSE,1148673,,MIS,,-23,,,,,,,,,,,,2132.4,2131.1,0.0,30.349999999998545,,,positions,NSE:ALKYLAMINE,0.0,1.0,-49013.0,30.349999999998545,30.349999999998545,0.0,0.0,0.0,0.0,0.0,23.0,2132.419565217391,49045.649999999994,49045.649999999994,0.0,0.0,0.0,23.0,2132.419565217391,49045.649999999994,2131.0,2130.0,2143.1,2126.2,2124.2,-23,-49045.6,-49291.299999999996,32.6,-245.65000000000146,-0.1,0.5,-48856.6,-156.4,0.3
AMBUJACEM,NSE,325121,,MIS,,-120,,,,,,,,,,,,418.3,417.9,0.0,43.69999999999709,,,positions,NSE:AMBUJACEM,0.0,1.0,-50220.0,43.69999999999709,43.69999999999709,0.0,0.0,0.0,0.0,0.0,120.0,418.26416666666665,50191.7,50191.7,0.0,0.0,0.0,120.0,418.26416666666665,50191.7,418.5,418.8,419.8,415.4,418.3,-120,-50191.7,-50382.0,-28.3,-190.3000000000029,0.1,0.4,-50196.0,-24.0,0.0
APLLTD,NSE,6483969,,MIS,,-68,,,,,,,,,,,,731.8,738.0,0.0,-418.45000000000437,,,positions,NSE:APLLTD,0.0,1.0,-50014.0,-418.45000000000437,-418.45000000000437,0.0,0.0,0.0,0.0,0.0,68.0,731.8463235294117,49765.549999999996,49765.549999999996,0.0,0.0,0.0,68.0,731.8463235294117,49765.549999999996,735.5,736.4,741.8,727.6,734.2,-68,-49765.5,-50439.0,-248.5,-673.4500000000044,0.5,1.4,-49925.6,-88.4,0.2
APTUS,NSE,1391361,,CNC,,-34,,,,,,,,,,,,297.9,291.7,0.0,210.79999999999927,,,positions,NSE:APTUS,0.0,1.0,-9905.9,210.79999999999927,210.79999999999927,0.0,0.0,0.0,0.0,0.0,34.0,297.9,10128.599999999999,10128.599999999999,0.0,0.0,0.0,34.0,297.9,10128.599999999999,291.4,296.0,301.0,290.4,286.1,-34,-10128.6,-10234.0,222.7,-105.40000000000146,-2.2,1.0,-9727.4,-178.5,1.8
ARVIND,NSE,49409,,CNC,,-123,,,,,,,,,,,,207.9,214.25,0.0,-776.0999999999985,,,positions,NSE:ARVIND,0.0,1.0,-26309.7,-776.0999999999985,-776.0999999999985,0.0,0.0,0.0,0.0,0.0,123.0,207.94024390243905,25576.65,25576.65,0.0,0.0,0.0,123.0,207.94024390243902,25576.65,213.9,200.0,216.0,199.1,200.4,-123,-25576.6,-26561.85,-733.0,-985.1999999999971,2.9,3.9,-24655.4,-1654.4,6.7
ATGL,NSE,1552897,,MIS,,-92,,,,,,,,,,,,540.4,539.5,0.0,82.40000000000146,,,positions,NSE:ATGL,0.0,1.0,-49634.0,82.40000000000146,82.40000000000146,0.0,0.0,0.0,0.0,0.0,92.0,540.395652173913,49716.4,49716.4,0.0,0.0,0.0,92.0,540.395652173913,49716.4,539.5,535.0,542.2,532.0,535.0,-92,-49716.4,-49882.4,82.4,-166.0,-0.2,0.3,-49220.0,-414.0,0.8
AVANTIFEED,NSE,2031617,,MIS,,-127,,,,,,,,,,,,395.2,394.9,0.0,40.000000000007276,,,positions,NSE:AVANTIFEED,0.0,1.0,-50076.1,40.000000000007276,40.000000000007276,0.0,0.0,0.0,0.0,0.0,127.0,395.2149606299213,50192.3,50192.3,0.0,0.0,0.0,127.0,395.2149606299213,50192.3,394.3,394.6,396.6,393.3,394.7,-127,-50192.3,-50361.85,116.2,-169.54999999999563,-0.2,0.3,-50126.9,50.8,-0.1
AWL,NSE,2076161,,MIS,,-169,,,,,,,,,,,,295.9,294.9,0.0,165.8000000000029,,,positions,NSE:AWL,0.0,1.0,-49812.8,165.8000000000029,165.8000000000029,0.0,0.0,0.0,0.0,0.0,169.0,295.8810650887574,50003.9,50003.9,0.0,0.0,0.0,169.0,295.8810650887574,50003.9,294.8,300.4,300.6,293.0,300.6,-169,-50003.9,-50792.950000000004,191.2,-789.0500000000029,-0.4,1.6,-50793.0,980.2,-1.9
BAJFINANCE,NSE,81153,,MIS,,-7,,,,,,,,,,,,7378.0,7417.0,0.0,-273.0,,,positions,NSE:BAJFINANCE,0.0,1.0,-51940.0,-273.0,-273.0,0.0,0.0,0.0,0.0,0.0,7.0,7378.0,51646.0,51646.0,0.0,0.0,0.0,7.0,7378.0,51646.0,7420.0,7370.0,7443.3,7346.4,7386.7,-7,-51646.0,-52103.1,-294.0,-457.09999999999854,0.6,0.9,-51706.9,-233.1,0.5
BALAMINES,NSE,3712257,,MIS,,-25,,,,,,,,,,,,2010.9,2009.35,0.0,38.30000000000291,,,positions,NSE:BALAMINES,0.0,1.0,-50237.5,38.30000000000291,38.30000000000291,0.0,0.0,0.0,0.0,0.0,25.0,2010.882,50272.05,50272.05,0.0,0.0,0.0,25.0,2010.882,50272.05,2009.5,2000.0,2017.2,2000.0,2010.7,-25,-50272.0,-50428.75,34.6,-156.6999999999971,-0.1,0.3,-50267.5,30.0,-0.1
BHARATFORG,NSE,108033,,MIS,,-49,,,,,,,,,,,,1022.9,1037.4,0.0,-709.3500000000058,,,positions,NSE:BHARATFORG,0.0,1.0,-50813.0,-709.3500000000058,-709.3500000000058,0.0,0.0,0.0,0.0,0.0,49.0,1022.9234693877551,50123.25,50123.25,0.0,0.0,0.0,49.0,1022.9234693877551,50123.25,1037.0,1032.0,1038.0,1018.0,1032.9,-49,-50123.2,-50862.0,-689.8,-738.75,1.4,1.5,-50612.1,-200.9,0.4
CENTRALBK,NSE,3812865,,MIS,,-1139,,,,,,,,,,,,43.8,43.9,0.0,-56.94999999999709,,,positions,NSE:CENTRALBK,0.0,1.0,-49945.2,-56.94999999999709,-56.94999999999709,0.0,0.0,0.0,0.0,0.0,1139.0,43.85,49945.15,49945.15,0.0,0.0,0.0,1139.0,43.85,49945.15,43.8,44.2,44.2,43.7,44.2,-1139,-49945.2,-50343.8,0.0,-398.65000000000146,-0.0,0.8,-50400.8,455.6,-0.9
CGPOWER,NSE,194561,,MIS,,-130,,,,,,,,,,,,383.8,385.6,0.0,-238.5,,,positions,NSE:CGPOWER,0.0,1.0,-50050.0,-238.5,-238.5,0.0,0.0,0.0,0.0,0.0,130.0,383.7653846153846,49889.5,49889.5,0.0,0.0,0.0,130.0,383.7653846153846,49889.5,385.0,386.2,386.2,379.6,383.6,-130,-49889.5,-50212.5,-160.5,-323.0,0.3,0.6,-49874.5,-175.5,0.4
CHEMPLASTS,NSE,1394945,,MIS,,-114,,,,,,,,,,,,439.4,445.45,0.0,-692.6999999999898,,,positions,NSE:CHEMPLASTS,0.0,1.0,-50701.5,-692.6999999999898,-692.6999999999898,0.0,0.0,0.0,0.0,0.0,114.0,439.3736842105264,50088.600000000006,50088.600000000006,0.0,0.0,0.0,114.0,439.37368421052633,50088.600000000006,444.8,442.7,447.0,438.0,438.3,-114,-50088.6,-50958.0,-612.9,-869.3999999999942,1.2,1.7,-49966.2,-735.3,1.5
CIEINDIA,NSE,3823873,,MIS,,-106,,,,,,,,,,,,470.3,470.4,0.0,-14.549999999988358,,,positions,NSE:CIEINDIA,0.0,1.0,-49862.4,-14.549999999988358,-14.549999999988358,0.0,0.0,0.0,0.0,0.0,106.0,470.26273584905664,49847.850000000006,49847.850000000006,0.0,0.0,0.0,106.0,470.26273584905664,49847.850000000006,470.4,470.4,472.3,468.0,473.1,-106,-49847.9,-50063.8,-14.5,-215.9499999999971,0.0,0.4,-50148.6,286.2,-0.6
COCHINSHIP,NSE,5506049,,CNC,,9,,,,,,,,,,,,1061.8,1057.15,0.0,-42.20000000000073,,,positions,NSE:COCHINSHIP,0.0,1.0,9539.6,-42.20000000000073,-42.20000000000073,0.0,9.0,1061.838888888889,9556.550000000001,9556.550000000001,0.0,0.0,0.0,0.0,9.0,1061.838888888889,9556.550000000001,0.0,0.0,0.0,1060.0,1035.0,1068.8,1030.0,1037.6,9,9556.6,9619.65,-17.0,63.099999999998545,-0.2,0.7,9338.4,201.2,2.2
CREDITACC,NSE,1131777,,CNC,,6,,,,,,,,,,,,1720.0,1713.95,0.0,-36.29999999999927,,,positions,NSE:CREDITACC,0.0,1.0,10301.4,-36.29999999999927,-36.29999999999927,0.0,6.0,1720.0,10320.0,10320.0,0.0,0.0,0.0,0.0,6.0,1720.0,10320.0,0.0,0.0,0.0,1716.9,1683.7,1725.0,1675.0,1686.8,6,10320.0,10350.0,-18.6,30.0,-0.2,0.3,10120.5,180.9,1.8
CROMPTON,NSE,4376065,,MIS,,-178,,,,,,,,,,,,280.0,282.15,0.0,-382.6999999999971,,,positions,NSE:CROMPTON,0.0,1.0,-50222.7,-382.6999999999971,-382.6999999999971,0.0,0.0,0.0,0.0,0.0,178.0,280.0,49840.0,49840.0,0.0,0.0,0.0,178.0,280.0,49840.0,282.2,281.9,282.5,279.2,281.4,-178,-49840.0,-50285.0,-382.7,-445.0,0.8,0.9,-50098.1,-124.6,0.2
DABUR,NSE,197633,,MIS,,-94,,,,,,,,,,,,529.2,533.5,0.0,-401.84999999999854,,,positions,NSE:DABUR,0.0,1.0,-50125.5,-401.84999999999854,-401.84999999999854,0.0,0.0,0.0,0.0,0.0,94.0,529.225,49747.15,49747.15,0.0,0.0,0.0,94.0,529.225,49747.15,533.2,532.6,533.8,526.7,534.8,-94,-49747.2,-50172.5,-378.3,-425.34999999999854,0.8,0.9,-50275.9,150.4,-0.3
DCMSHRIRAM,NSE,207617,,MIS,,-57,,,,,,,,,,,,883.4,887.05,0.0,-206.40000000000146,,,positions,NSE:DCMSHRIRAM,0.0,1.0,-50544.8,-206.40000000000146,-206.40000000000146,0.0,0.0,0.0,0.0,0.0,57.0,883.428947368421,50355.45,50355.45,0.0,0.0,0.0,57.0,883.4289473684211,50355.45,886.8,877.0,894.4,877.0,881.7,-57,-50355.4,-50980.799999999996,-189.3,-625.3499999999985,0.4,1.2,-50256.9,-287.8,0.6
DEEPAKNTR,NSE,5105409,,MIS,,-24,,,,,,,,,,,,2085.7,2098.0,0.0,-294.25,,,positions,NSE:DEEPAKNTR,0.0,1.0,-50409.6,-294.25,-294.25,0.0,0.0,0.0,0.0,0.0,24.0,2085.7395833333335,50057.75,50057.75,0.0,0.0,0.0,24.0,2085.7395833333335,50057.75,2100.4,2079.8,2110.0,2055.0,2076.4,-24,-50057.8,-50640.0,-351.9,-582.25,0.7,1.2,-49833.6,-576.0,1.2
DELHIVERY,NSE,2457345,,MIS,,-123,,,,,,,,,,,,406.1,408.75,0.0,-324.0,,,positions,NSE:DELHIVERY,0.0,1.0,-50282.4,-324.0,-324.0,0.0,0.0,0.0,0.0,0.0,123.0,406.1158536585366,49952.25,49952.25,0.0,0.0,0.0,123.0,406.1158536585366,49952.25,408.8,407.0,409.8,405.7,407.0,-123,-49952.2,-50411.55,-330.2,-459.3000000000029,0.7,0.9,-50067.2,-215.2,0.4
DEVYANI,NSE,1375489,,MIS,,-278,,,,,,,,,,,,179.7,181.35,0.0,-458.6999999999971,,,positions,NSE:DEVYANI,0.0,1.0,-50373.6,-458.6999999999971,-458.6999999999971,0.0,0.0,0.0,0.0,0.0,278.0,179.7,49956.6,49956.6,0.0,0.0,0.0,278.0,179.7,49956.6,181.2,180.2,181.8,178.5,180.1,-278,-49956.6,-50526.5,-417.0,-569.9000000000015,0.8,1.1,-50067.8,-305.8,0.6
ECLERX,NSE,3885825,,CNC,,5,,,,,,,,,,,,2152.2,2144.0,0.0,-40.850000000000364,,,positions,NSE:ECLERX,0.0,1.0,10681.5,-40.850000000000364,-40.850000000000364,0.0,5.0,2152.17,10760.85,10760.85,0.0,0.0,0.0,0.0,5.0,2152.17,10760.85,0.0,0.0,0.0,2136.3,2167.9,2195.0,2126.1,2056.2,5,10760.8,10975.0,-79.4,214.14999999999964,-0.7,2.0,10280.8,400.8,3.9
EPIGRAL,NSE,1377793,,MIS,,-110,,,,,,,,,,,,904.6,901.0,0.0,401.5,,,positions,NSE:EPIGRAL,0.0,1.0,-99269.5,401.5,401.5,0.0,0.0,0.0,0.0,0.0,110.0,904.65,99511.5,99511.5,0.0,0.0,0.0,110.0,904.65,99511.5,902.4,898.0,909.5,898.0,901.4,-110,-99511.5,-100045.0,242.0,-533.5,-0.2,0.5,-99154.0,-115.5,0.1
FINEORG,NSE,958465,,MIS,,-12,,,,,,,,,,,,4230.1,4231.45,0.0,-16.64999999999418,,,positions,NSE:FINEORG,0.0,1.0,-50827.8,-16.64999999999418,-16.64999999999418,0.0,0.0,0.0,0.0,0.0,12.0,4230.0625,50760.75,50760.75,0.0,0.0,0.0,12.0,4230.0625,50760.75,4235.6,4238.1,4255.0,4220.0,4238.0,-12,-50760.8,-51059.399999999994,-67.0,-298.6499999999942,0.1,0.6,-50856.6,28.8,-0.1
GAIL,NSE,1207553,,CNC,,80,,,,,,,,,,,,125.0,125.2,0.0,16.0,,,positions,NSE:GAIL,0.0,1.0,10000.0,16.0,16.0,0.0,80.0,125.0,10000.0,10000.0,0.0,0.0,0.0,0.0,80.0,125.0,10000.0,0.0,0.0,0.0,125.0,123.9,125.4,123.2,124.2,80,10000.0,10036.0,0.0,36.0,0.0,0.4,9932.0,68.0,0.7
GALAXYSURF,NSE,336641,,CNC,,-4,,,,,,,,,,,,2884.0,2931.95,0.0,-191.79999999999927,,,positions,NSE:GALAXYSURF,0.0,1.0,-11751.0,-191.79999999999927,-191.79999999999927,0.0,0.0,0.0,0.0,0.0,4.0,2884.0,11536.0,11536.0,0.0,0.0,0.0,4.0,2884.0,11536.0,2937.8,2849.4,2974.0,2845.0,2844.7,-4,-11536.0,-11896.0,-215.0,-360.0,1.9,3.1,-11378.8,-372.2,3.3
GESHIP,NSE,3526657,,MIS,,-67,,,,,,,,,,,,747.5,754.9,0.0,-495.79999999999563,,,positions,NSE:GESHIP,0.0,1.0,-50585.0,-495.79999999999563,-495.79999999999563,0.0,0.0,0.0,0.0,0.0,67.0,747.5,50082.5,50082.5,0.0,0.0,0.0,67.0,747.5,50082.5,755.0,737.0,756.2,731.0,733.3,-67,-50082.5,-50668.75,-502.5,-586.25,1.0,1.2,-49131.1,-1453.9,3.0
GILLETTE,NSE,403457,,CNC,,2,,,,,,,,,,,,6360.8,6353.1,0.0,-15.299999999999272,,,positions,NSE:GILLETTE,0.0,1.0,12728.6,-15.299999999999272,-15.299999999999272,0.0,2.0,6360.75,12721.5,12721.5,0.0,0.0,0.0,0.0,2.0,6360.75,12721.5,0.0,0.0,0.0,6364.3,6395.0,6395.0,6350.0,6372.3,2,12721.5,12790.0,7.1,68.5,0.1,0.5,12744.6,-16.0,-0.1
GLAND,NSE,303617,,MIS,,-31,,,,,,,,,,,,1601.1,1615.75,0.0,-454.15000000000146,,,positions,NSE:GLAND,0.0,1.0,-50127.0,-454.15000000000146,-454.15000000000146,0.0,0.0,0.0,0.0,0.0,31.0,1601.1,49634.1,49634.1,0.0,0.0,0.0,31.0,1601.1,49634.1,1617.0,1615.0,1625.0,1596.4,1612.6,-31,-49634.1,-50375.0,-492.9,-740.9000000000015,1.0,1.5,-49992.2,-134.8,0.3
GNFC,NSE,300545,,CNC,,15,,,,,,,,,,,,687.6,683.8,0.0,-57.75,,,positions,NSE:GNFC,0.0,1.0,10255.5,-57.75,-57.75,0.0,15.0,687.65,10314.75,10314.75,0.0,0.0,0.0,0.0,15.0,687.65,10314.75,0.0,0.0,0.0,683.7,684.0,693.0,677.1,676.0,15,10314.8,10395.0,-59.2,80.25,-0.6,0.8,10140.0,115.5,1.1
GOCOLORS,NSE,1782785,,MIS,,-41,,,,,,,,,,,,1225.4,1227.95,0.0,-104.90000000000146,,,positions,NSE:GOCOLORS,0.0,1.0,-50419.8,-104.90000000000146,-104.90000000000146,0.0,0.0,0.0,0.0,0.0,41.0,1225.3914634146342,50241.05,50241.05,0.0,0.0,0.0,41.0,1225.3914634146342,50241.05,1229.8,1227.6,1245.4,1220.8,1227.6,-41,-50241.0,-51063.450000000004,-178.7,-822.4000000000015,0.4,1.6,-50333.6,-86.1,0.2
GRINDWELL,NSE,3471361,,MIS,,-24,,,,,,,,,,,,2063.7,2076.05,0.0,-296.3000000000102,,,positions,NSE:GRINDWELL,0.0,1.0,-49916.4,-296.3000000000102,-296.3000000000102,0.0,0.0,0.0,0.0,0.0,24.0,2063.7041666666664,49528.899999999994,49528.899999999994,0.0,0.0,0.0,24.0,2063.7041666666664,49528.899999999994,2079.8,2099.9,2099.9,2062.8,2097.0,-24,-49528.9,-50397.600000000006,-387.5,-868.7000000000116,0.8,1.8,-50329.2,412.8,-0.8
GRINFRA,NSE,1293825,,MIS,,-45,,,,,,,,,,,,1112.1,1112.75,0.0,-31.299999999995634,,,positions,NSE:GRINFRA,0.0,1.0,-49909.5,-31.299999999995634,-31.299999999995634,0.0,0.0,0.0,0.0,0.0,45.0,1112.0544444444445,50042.450000000004,50042.450000000004,0.0,0.0,0.0,45.0,1112.0544444444445,50042.450000000004,1109.1,1153.7,1153.7,1102.1,1152.1,-45,-50042.5,-51916.5,133.0,-1874.0499999999956,-0.3,3.7,-51844.5,1935.0,-3.7
GUJGASLTD,NSE,2713345,,MIS,,-121,,,,,,,,,,,,413.0,415.55,0.0,-302.5,,,positions,NSE:GUJGASLTD,0.0,1.0,-50305.8,-302.5,-302.5,0.0,0.0,0.0,0.0,0.0,121.0,413.05,49979.05,49979.05,0.0,0.0,0.0,121.0,413.05,49979.05,415.8,413.6,416.4,412.0,413.6,-121,-49979.0,-50384.399999999994,-326.7,-405.34999999999127,0.7,0.8,-50045.6,-260.1,0.5
HAPPSTMNDS,NSE,12289,,MIS,,-60,,,,,,,,,,,,830.0,827.15,0.0,173.50000000000728,,,positions,NSE:HAPPSTMNDS,0.0,1.0,-49596.0,173.50000000000728,173.50000000000728,0.0,0.0,0.0,0.0,0.0,60.0,830.0416666666667,49802.50000000001,49802.50000000001,0.0,0.0,0.0,60.0,830.0416666666667,49802.50000000001,826.6,829.4,832.0,825.0,829.4,-60,-49802.5,-49920.0,206.5,-117.49999999999272,-0.4,0.2,-49767.0,171.0,-0.3
HAVELLS,NSE,2513665,,MIS,,-40,,,,,,,,,,,,1247.4,1256.65,0.0,-370.65000000000146,,,positions,NSE:HAVELLS,0.0,1.0,-50294.0,-370.65000000000146,-370.65000000000146,0.0,0.0,0.0,0.0,0.0,40.0,1247.38375,49895.35,49895.35,0.0,0.0,0.0,40.0,1247.38375,49895.35,1257.4,1255.0,1260.5,1244.3,1253.2,-40,-49895.4,-50420.0,-398.7,-524.6500000000015,0.8,1.1,-50126.0,-168.0,0.3
HCG,NSE,3982081,,CNC,,-67,,,,,,,,,,,,380.9,386.6,0.0,-384.8000000000029,,,positions,NSE:HCG,0.0,1.0,-25915.6,-384.8000000000029,-384.8000000000029,0.0,0.0,0.0,0.0,0.0,67.0,380.85671641791043,25517.399999999998,25517.399999999998,0.0,0.0,0.0,67.0,380.85671641791043,25517.399999999998,386.8,376.0,388.8,367.8,373.1,-67,-25517.4,-26052.95,-398.2,-535.5500000000029,1.6,2.1,-24997.7,-917.9,3.7
HDFCBANK,NSE,341249,,MIS,,-34,,,,,,,,,,,,1484.2,1485.85,0.0,-56.09999999999127,,,positions,NSE:HDFCBANK,0.0,1.0,-50522.3,-56.09999999999127,-56.09999999999127,0.0,0.0,0.0,0.0,0.0,34.0,1484.2,50462.8,50462.8,0.0,0.0,0.0,34.0,1484.2,50462.8,1486.0,1480.1,1487.6,1480.0,1485.6,-34,-50462.8,-50580.100000000006,-59.5,-117.30000000000291,0.1,0.2,-50512.1,-10.2,0.0
HDFCLIFE,NSE,119553,,MIS,,-80,,,,,,,,,,,,623.2,627.05,0.0,-310.59999999999854,,,positions,NSE:HDFCLIFE,0.0,1.0,-50032.0,-310.59999999999854,-310.59999999999854,0.0,0.0,0.0,0.0,0.0,80.0,623.1675,49853.4,49853.4,0.0,0.0,0.0,80.0,623.1675,49853.4,625.4,620.8,631.5,620.0,621.4,-80,-49853.4,-50520.0,-178.6,-666.5999999999985,0.4,1.3,-49708.0,-324.0,0.7
HFCL,NSE,5619457,,MIS,,-766,,,,,,,,,,,,65.3,65.2,0.0,45.84999999999127,,,positions,NSE:HFCL,0.0,1.0,-49904.9,45.84999999999127,45.84999999999127,0.0,0.0,0.0,0.0,0.0,766.0,65.25985639686684,49989.049999999996,49989.049999999996,0.0,0.0,0.0,766.0,65.25985639686684,49989.049999999996,65.2,65.4,65.6,65.0,65.6,-766,-49989.0,-50287.9,84.1,-298.8500000000058,-0.2,0.6,-50211.3,306.4,-0.6
HINDCOPPER,NSE,4592385,,MIS,,-349,,,,,,,,,,,,143.0,144.3,0.0,-436.25,,,positions,NSE:HINDCOPPER,0.0,1.0,-50517.8,-436.25,-436.25,0.0,0.0,0.0,0.0,0.0,349.0,143.05,49924.450000000004,49924.450000000004,0.0,0.0,0.0,349.0,143.05,49924.450000000004,144.8,144.9,145.2,142.6,144.2,-349,-49924.5,-50674.799999999996,-593.3,-750.3499999999913,1.2,1.5,-50343.2,-174.5,0.3
HINDUNILVR,NSE,356865,,MIS,,-20,,,,,,,,,,,,2469.0,2482.95,0.0,-278.0,,,positions,NSE:HINDUNILVR,0.0,1.0,-49640.0,-278.0,-278.0,0.0,0.0,0.0,0.0,0.0,20.0,2469.05,49381.0,49381.0,0.0,0.0,0.0,20.0,2469.05,49381.0,2482.0,2477.0,2483.4,2465.4,2476.7,-20,-49381.0,-49669.0,-259.0,-288.0,0.5,0.6,-49534.0,-106.0,0.2
HLEGLAS,NSE,585985,,MIS,,-97,,,,,,,,,,,,512.7,511.15,0.0,154.75,,,positions,NSE:HLEGLAS,0.0,1.0,-49659.2,154.75,154.75,0.0,0.0,0.0,0.0,0.0,97.0,512.7453608247422,49736.299999999996,49736.299999999996,0.0,0.0,0.0,97.0,512.7453608247422,49736.299999999996,512.0,510.4,514.2,510.0,510.3,-97,-49736.3,-49882.25,77.1,-145.95000000000437,-0.2,0.3,-49499.1,-160.1,0.3
HUDCO,NSE,5331201,,MIS,,-636,,,,,,,,,,,,78.6,78.8,0.0,-127.19999999999709,,,positions,NSE:HUDCO,0.0,1.0,-50053.2,-127.19999999999709,-127.19999999999709,0.0,0.0,0.0,0.0,0.0,636.0,78.6,49989.6,49989.6,0.0,0.0,0.0,636.0,78.6,49989.6,78.7,79.2,79.4,78.2,79.4,-636,-49989.6,-50530.200000000004,-63.6,-540.6000000000058,0.1,1.1,-50530.2,477.0,-0.9
ICICIBANK,NSE,1270529,,MIS,,-54,,,,,,,,,,,,933.2,936.6,0.0,-184.04999999999563,,,positions,NSE:ICICIBANK,0.0,1.0,-50668.2,-184.04999999999563,-184.04999999999563,0.0,0.0,0.0,0.0,0.0,54.0,933.1916666666667,50392.350000000006,50392.350000000006,0.0,0.0,0.0,54.0,933.1916666666667,50392.350000000006,938.3,934.9,941.4,932.4,937.4,-54,-50392.4,-50838.3,-275.8,-445.9499999999971,0.5,0.9,-50616.9,-51.3,0.1
ICICIPRULI,NSE,4774913,,MIS,,-95,,,,,,,,,,,,527.8,530.25,0.0,-236.40000000000146,,,positions,NSE:ICICIPRULI,0.0,1.0,-50283.5,-236.40000000000146,-236.40000000000146,0.0,0.0,0.0,0.0,0.0,95.0,527.7615789473684,50137.35,50137.35,0.0,0.0,0.0,95.0,527.7615789473684,50137.35,529.3,527.9,531.6,523.6,528.2,-95,-50137.4,-50497.24999999999,-146.1,-359.8999999999942,0.3,0.7,-50179.0,-104.5,0.2
IDBI,NSE,377857,,MIS,,-795,,,,,,,,,,,,62.8,62.9,0.0,-79.5,,,positions,NSE:IDBI,0.0,1.0,-49965.8,-79.5,-79.5,0.0,0.0,0.0,0.0,0.0,795.0,62.8,49926.0,49926.0,0.0,0.0,0.0,795.0,62.8,49926.0,62.8,62.8,63.8,62.4,62.8,-795,-49926.0,-50721.0,-39.8,-795.0,0.1,1.6,-49926.0,-39.8,0.1
IDFC,NSE,3060993,,MIS,,-432,,,,,,,,,,,,115.7,115.8,0.0,-43.150000000001455,,,positions,NSE:IDFC,0.0,1.0,-50025.6,-43.150000000001455,-43.150000000001455,0.0,0.0,0.0,0.0,0.0,432.0,115.70011574074073,49982.45,49982.45,0.0,0.0,0.0,432.0,115.70011574074074,49982.45,115.8,116.0,116.2,115.1,116.2,-432,-49982.4,-50220.0,-43.2,-237.5500000000029,0.1,0.5,-50176.8,151.2,-0.3
IEX,NSE,56321,,MIS,,-383,,,,,,,,,,,,130.7,131.1,0.0,-153.1999999999971,,,positions,NSE:IEX,0.0,1.0,-50153.8,-153.1999999999971,-153.1999999999971,0.0,0.0,0.0,0.0,0.0,383.0,130.7,50058.1,50058.1,0.0,0.0,0.0,383.0,130.7,50058.1,131.0,131.2,131.8,129.8,131.2,-383,-50058.1,-50460.25,-95.8,-402.15000000000146,0.2,0.8,-50230.5,76.6,-0.2
IGL,NSE,2883073,,MIS,,-128,,,,,,,,,,,,391.6,394.45,0.0,-358.40000000000146,,,positions,NSE:IGL,0.0,1.0,-50483.2,-358.40000000000146,-358.40000000000146,0.0,0.0,0.0,0.0,0.0,128.0,391.65,50131.2,50131.2,0.0,0.0,0.0,128.0,391.65,50131.2,394.4,395.0,395.6,391.0,395.0,-128,-50131.2,-50630.4,-352.0,-499.20000000000437,0.7,1.0,-50566.4,83.2,-0.2
INDIACEM,NSE,387841,,MIS,,-235,,,,,,,,,,,,213.0,212.6,0.0,87.25,,,positions,NSE:INDIACEM,0.0,1.0,-49878.8,87.25,87.25,0.0,0.0,0.0,0.0,0.0,235.0,212.97127659574468,50048.25,50048.25,0.0,0.0,0.0,235.0,212.97127659574468,50048.25,212.2,212.5,213.8,210.0,212.6,-235,-50048.2,-50231.25,169.5,-183.0,-0.3,0.4,-49949.2,70.5,-0.1
INFY,NSE,408065,,MIS,,-36,,,,,,,,,,,,1371.3,1364.3,0.0,251.3000000000029,,,positions,NSE:INFY,0.0,1.0,-49132.8,251.3000000000029,251.3000000000029,0.0,0.0,0.0,0.0,0.0,36.0,1371.2805555555556,49366.1,49366.1,0.0,0.0,0.0,36.0,1371.2805555555556,49366.1,1364.8,1370.0,1373.2,1361.0,1374.8,-36,-49366.1,-49433.4,233.3,-67.30000000000291,-0.5,0.1,-49492.8,360.0,-0.7
IOB,NSE,2393089,,MIS,,-1274,,,,,,,,,,,,39.2,39.2,0.0,63.69999999999709,,,positions,NSE:IOB,0.0,1.0,-49940.8,63.69999999999709,63.69999999999709,0.0,0.0,0.0,0.0,0.0,1274.0,39.25,50004.5,50004.5,0.0,0.0,0.0,1274.0,39.25,50004.5,39.2,39.2,39.4,39.0,39.6,-1274,-50004.5,-50259.3,63.7,-254.8000000000029,-0.1,0.5,-50514.1,573.3,-1.1
JAMNAAUTO,NSE,5319169,,MIS,,-449,,,,,,,,,,,,111.3,111.15,0.0,54.19999999999709,,,positions,NSE:JAMNAAUTO,0.0,1.0,-49906.4,54.19999999999709,54.19999999999709,0.0,0.0,0.0,0.0,0.0,449.0,111.27071269487752,49960.55,49960.55,0.0,0.0,0.0,449.0,111.27071269487752,49960.55,111.2,111.8,112.7,110.9,112.2,-449,-49960.6,-50602.3,54.2,-641.75,-0.1,1.3,-50377.8,471.4,-0.9
JINDALSAW,NSE,774145,,CNC,,20,,,,,,,,,,,,487.8,488.95,0.0,22.0,,,positions,NSE:JINDALSAW,0.0,1.0,9758.0,22.0,22.0,0.0,20.0,487.85,9757.0,9757.0,0.0,0.0,0.0,0.0,20.0,487.85,9757.0,0.0,0.0,0.0,487.9,470.6,489.6,470.0,468.6,20,9757.0,9792.0,1.0,35.0,0.0,0.4,9373.0,385.0,4.1
JINDALSTEL,NSE,1723649,,MIS,,-80,,,,,,,,,,,,625.5,627.3,0.0,-144.0,,,positions,NSE:JINDALSTEL,0.0,1.0,-50232.0,-144.0,-144.0,0.0,0.0,0.0,0.0,0.0,80.0,625.5,50040.0,50040.0,0.0,0.0,0.0,80.0,625.5,50040.0,627.9,623.6,628.8,621.6,624.7,-80,-50040.0,-50300.0,-192.0,-260.0,0.4,0.5,-49976.0,-256.0,0.5
JKLAKSHMI,NSE,3453697,,CNC,,-13,,,,,,,,,,,,793.4,788.8,0.0,59.79999999999927,,,positions,NSE:JKLAKSHMI,0.0,1.0,-10238.2,59.79999999999927,59.79999999999927,0.0,0.0,0.0,0.0,0.0,13.0,793.3999999999999,10314.199999999999,10314.199999999999,0.0,0.0,0.0,13.0,793.4,10314.199999999999,787.6,781.0,797.0,781.0,780.3,-13,-10314.2,-10360.35,76.0,-46.150000000001455,-0.7,0.4,-10143.9,-94.2,0.9
JMFINANCIL,NSE,3491073,,MIS,,-611,,,,,,,,,,,,81.8,81.8,0.0,7.5,,,positions,NSE:JMFINANCIL,0.0,1.0,-50010.4,7.5,7.5,0.0,0.0,0.0,0.0,0.0,611.0,81.81227495908347,49987.299999999996,49987.299999999996,0.0,0.0,0.0,611.0,81.81227495908347,49987.299999999996,81.8,81.7,82.5,81.4,81.7,-611,-49987.3,-50407.5,-23.1,-420.20000000000437,0.0,0.8,-49918.7,-91.6,0.2
JUBLINGREA,NSE,712449,,MIS,,-121,,,,,,,,,,,,414.3,413.4,0.0,105.25000000000728,,,positions,NSE:JUBLINGREA,0.0,1.0,-50015.4,105.25000000000728,105.25000000000728,0.0,0.0,0.0,0.0,0.0,121.0,414.2698347107438,50126.65,50126.65,0.0,0.0,0.0,121.0,414.2698347107438,50126.65,413.4,416.0,418.0,412.6,416.0,-121,-50126.6,-50571.95,111.3,-445.29999999999563,-0.2,0.9,-50336.0,320.6,-0.6
JUSTDIAL,NSE,7670273,,MIS,,-71,,,,,,,,,,,,707.9,713.1,0.0,-366.20000000000437,,,positions,NSE:JUSTDIAL,0.0,1.0,-50587.5,-366.20000000000437,-366.20000000000437,0.0,0.0,0.0,0.0,0.0,71.0,707.9422535211266,50263.899999999994,50263.899999999994,0.0,0.0,0.0,71.0,707.9422535211266,50263.899999999994,712.5,707.6,714.4,707.0,707.6,-71,-50263.9,-50722.4,-323.6,-458.5000000000073,0.6,0.9,-50239.6,-347.9,0.7
KEI,NSE,3407361,,MIS,,-20,,,,,,,,,,,,2495.7,2512.0,0.0,-326.0,,,positions,NSE:KEI,0.0,1.0,-50334.0,-326.0,-326.0,0.0,0.0,0.0,0.0,0.0,20.0,2495.7,49914.0,49914.0,0.0,0.0,0.0,20.0,2495.7,49914.0,2516.7,2507.0,2524.3,2485.0,2528.5,-20,-49914.0,-50486.0,-420.0,-572.0,0.8,1.1,-50570.0,236.0,-0.5
KNRCON,NSE,3912449,,MIS,,-190,,,,,,,,,,,,262.5,265.5,0.0,-575.8499999999985,,,positions,NSE:KNRCON,0.0,1.0,-50483.0,-575.8499999999985,-575.8499999999985,0.0,0.0,0.0,0.0,0.0,190.0,262.4692105263158,49869.15,49869.15,0.0,0.0,0.0,190.0,262.4692105263158,49869.15,265.7,262.4,266.4,260.2,263.1,-190,-49869.2,-50615.99999999999,-613.8,-746.8499999999913,1.2,1.5,-49989.0,-494.0,1.0
KRBL,NSE,2707713,,MIS,,-141,,,,,,,,,,,,355.1,354.35,0.0,99.49999999999272,,,positions,NSE:KRBL,0.0,1.0,-49991.6,99.49999999999272,99.49999999999272,0.0,0.0,0.0,0.0,0.0,141.0,355.0556737588652,50062.85,50062.85,0.0,0.0,0.0,141.0,355.0556737588652,50062.85,354.6,353.9,359.0,350.3,353.9,-141,-50062.8,-50626.05,71.3,-563.2000000000044,-0.1,1.1,-49899.9,-91.7,0.2
LAXMIMACH,NSE,506625,,MIS,,-4,,,,,,,,,,,,12891.8,12839.0,0.0,211.0,,,positions,NSE:LAXMIMACH,0.0,1.0,-51352.0,211.0,211.0,0.0,0.0,0.0,0.0,0.0,4.0,12891.75,51567.0,51567.0,0.0,0.0,0.0,4.0,12891.75,51567.0,12838.0,12956.8,12990.0,12801.0,12889.0,-4,-51567.0,-51960.0,215.0,-393.0,-0.4,0.8,-51555.8,203.8,-0.4
LODHA,NSE,824321,,CNC,,-12,,,,,,,,,,,,867.0,854.85,0.0,146.39999999999782,,,positions,NSE:LODHA,0.0,1.0,-10260.0,146.39999999999782,146.39999999999782,0.0,0.0,0.0,0.0,0.0,12.0,867.0499999999998,10404.599999999999,10404.599999999999,0.0,0.0,0.0,12.0,867.05,10404.599999999999,855.0,848.0,875.0,837.6,849.4,-12,-10404.6,-10500.0,144.6,-95.40000000000146,-1.4,0.9,-10192.2,-67.8,0.7
LTTS,NSE,4752385,,MIS,,-12,,,,,,,,,,,,4246.2,4262.3,0.0,-193.20000000001164,,,positions,NSE:LTTS,0.0,1.0,-51139.2,-193.20000000001164,-193.20000000001164,0.0,0.0,0.0,0.0,0.0,12.0,4246.2,50954.399999999994,50954.399999999994,0.0,0.0,0.0,12.0,4246.2,50954.399999999994,4261.6,4242.0,4279.8,4203.0,4253.0,-12,-50954.4,-51358.200000000004,-184.8,-403.8000000000102,0.4,0.8,-51036.0,-103.2,0.2
MAHABANK,NSE,2912513,,MIS,,-1167,,,,,,,,,,,,42.8,43.05,0.0,-291.75,,,positions,NSE:MAHABANK,0.0,1.0,-50181.0,-291.75,-291.75,0.0,0.0,0.0,0.0,0.0,1167.0,42.8,49947.6,49947.6,0.0,0.0,0.0,1167.0,42.8,49947.6,43.0,43.3,43.4,42.8,43.4,-1167,-49947.6,-50589.450000000004,-233.4,-641.8500000000058,0.5,1.3,-50589.5,408.5,-0.8
MANAPPURAM,NSE,4879617,,MIS,,-369,,,,,,,,,,,,135.4,136.6,0.0,-442.8000000000029,,,positions,NSE:MANAPPURAM,0.0,1.0,-50387.0,-442.8000000000029,-442.8000000000029,0.0,0.0,0.0,0.0,0.0,369.0,135.4,49962.6,49962.6,0.0,0.0,0.0,369.0,135.4,49962.6,136.6,138.7,138.7,134.4,139.3,-369,-49962.6,-51180.299999999996,-424.4,-1217.699999999997,0.8,2.4,-51401.7,1014.8,-2.0
MASTEK,NSE,543745,,MIS,,-22,,,,,,,,,,,,2232.1,2230.0,0.0,46.19999999999709,,,positions,NSE:MASTEK,0.0,1.0,-49035.8,46.19999999999709,46.19999999999709,0.0,0.0,0.0,0.0,0.0,22.0,2232.1,49106.2,49106.2,0.0,0.0,0.0,22.0,2232.1,49106.2,2228.9,2225.0,2248.2,2219.5,2221.2,-22,-49106.2,-49461.5,70.4,-355.3000000000029,-0.1,0.7,-48865.3,-170.5,0.3
MKPL,NSE,4284417,,CNC,,-29,,,,,,,,,,,,86.2,99.8,0.0,-395.84999999999945,,,positions,NSE:MKPL,0.0,1.0,-2875.4,-395.84999999999945,-395.84999999999945,0.0,0.0,0.0,0.0,0.0,29.0,86.15,2498.3500000000004,2498.3500000000004,0.0,0.0,0.0,29.0,86.15,2498.3500000000004,99.2,84.8,100.0,83.4,84.2,-29,-2498.4,-2901.45,-377.0,-403.09999999999945,15.1,16.1,-2443.2,-432.1,17.7
MMTC,NSE,4596993,,MIS,,-964,,,,,,,,,,,,51.8,51.8,0.0,48.200000000004366,,,positions,NSE:MMTC,0.0,1.0,-50079.8,48.200000000004366,48.200000000004366,0.0,0.0,0.0,0.0,0.0,964.0,51.85,49983.4,49983.4,0.0,0.0,0.0,964.0,51.85,49983.4,52.0,51.8,52.4,51.2,51.8,-964,-49983.4,-50465.4,-96.4,-482.0,0.2,1.0,-49935.2,-144.6,0.3
MPHASIS,NSE,1152769,,MIS,,-23,,,,,,,,,,,,2182.0,2188.1,0.0,-140.29999999999563,,,positions,NSE:MPHASIS,0.0,1.0,-50393.0,-140.29999999999563,-140.29999999999563,0.0,0.0,0.0,0.0,0.0,23.0,2182.0,50186.0,50186.0,0.0,0.0,0.0,23.0,2182.0,50186.0,2191.0,2187.4,2198.8,2173.4,2193.6,-23,-50186.0,-50572.4,-207.0,-386.40000000000146,0.4,0.8,-50454.0,61.0,-0.1
MSUMI,NSE,2200577,,MIS,,-858,,,,,,,,,,,,58.2,58.45,0.0,-171.60000000000582,,,positions,NSE:MSUMI,0.0,1.0,-50193.0,-171.60000000000582,-171.60000000000582,0.0,0.0,0.0,0.0,0.0,858.0,58.25,49978.5,49978.5,0.0,0.0,0.0,858.0,58.25,49978.5,58.5,58.1,58.6,58.0,58.1,-858,-49978.5,-50321.7,-214.5,-343.1999999999971,0.4,0.7,-49849.8,-343.2,0.7
NATCOPHARM,NSE,1003009,,MIS,,-68,,,,,,,,,,,,739.5,765.4,0.0,-1760.3999999999942,,,positions,NSE:NATCOPHARM,0.0,1.0,-52220.6,-1760.3999999999942,-1760.3999999999942,0.0,0.0,0.0,0.0,0.0,68.0,739.5117647058823,50286.8,50286.8,0.0,0.0,0.0,68.0,739.5117647058823,50286.8,768.0,737.6,772.9,735.6,734.0,-68,-50286.8,-52557.2,-1933.8,-2270.399999999994,3.8,4.5,-49908.6,-2312.0,4.6
NATIONALUM,NSE,1629185,,MIS,,-554,,,,,,,,,,,,90.2,91.25,0.0,-554.0,,,positions,NSE:NATIONALUM,0.0,1.0,-50552.5,-554.0,-554.0,0.0,0.0,0.0,0.0,0.0,554.0,90.25,49998.5,49998.5,0.0,0.0,0.0,554.0,90.25,49998.5,91.2,90.4,91.4,90.0,90.4,-554,-49998.5,-50635.600000000006,-554.0,-637.1000000000058,1.1,1.3,-50081.6,-470.9,0.9
NAVINFLUOR,NSE,3756033,,MIS,,-14,,,,,,,,,,,,3582.0,3592.45,0.0,-146.29999999999563,,,positions,NSE:NAVINFLUOR,0.0,1.0,-50217.3,-146.29999999999563,-146.29999999999563,0.0,0.0,0.0,0.0,0.0,14.0,3582.0,50148.0,50148.0,0.0,0.0,0.0,14.0,3582.0,50148.0,3587.0,3572.0,3597.2,3556.4,3597.2,-14,-50148.0,-50360.799999999996,-69.3,-212.79999999999563,0.1,0.4,-50361.5,144.2,-0.3
PETRONET,NSE,2905857,,MIS,,-259,,,,,,,,,,,,192.8,195.35,0.0,-660.4499999999971,,,positions,NSE:PETRONET,0.0,1.0,-50582.7,-660.4499999999971,-660.4499999999971,0.0,0.0,0.0,0.0,0.0,259.0,192.8,49935.200000000004,49935.200000000004,0.0,0.0,0.0,259.0,192.8,49935.200000000004,195.3,193.8,195.8,191.7,193.0,-259,-49935.2,-50699.25,-647.5,-764.0499999999956,1.3,1.5,-50000.0,-582.8,1.2
PFIZER,NSE,676609,,MIS,,-13,,,,,,,,,,,,3897.6,3890.6,0.0,91.5,,,positions,NSE:PFIZER,0.0,1.0,-50569.4,91.5,91.5,0.0,0.0,0.0,0.0,0.0,13.0,3897.6384615384613,50669.299999999996,50669.299999999996,0.0,0.0,0.0,13.0,3897.6384615384613,50669.299999999996,3890.0,3911.5,3911.5,3876.4,3891.0,-13,-50669.3,-50849.5,99.9,-180.20000000000437,-0.2,0.4,-50583.6,14.3,-0.0
PRSMJOHNSN,NSE,701185,,CNC,,64,,,,,,,,,,,,155.6,154.4,0.0,-76.79999999999927,,,positions,NSE:PRSMJOHNSN,0.0,1.0,9881.6,-76.79999999999927,-76.79999999999927,0.0,64.0,155.6,9958.4,9958.4,0.0,0.0,0.0,0.0,64.0,155.6,9958.4,0.0,0.0,0.0,154.4,152.8,157.6,151.8,152.8,64,9958.4,10086.4,-76.8,128.0,-0.8,1.3,9776.0,105.6,1.1
SFL,NSE,4911105,,MIS,,-47,,,,,,,,,,,,1072.0,1083.15,0.0,-524.0500000000029,,,positions,NSE:SFL,0.0,1.0,-50936.2,-524.0500000000029,-524.0500000000029,0.0,0.0,0.0,0.0,0.0,47.0,1072.0,50384.0,50384.0,0.0,0.0,0.0,47.0,1072.0,50384.0,1083.8,1070.9,1086.0,1067.0,1074.7,-47,-50384.0,-51042.0,-552.2,-658.0,1.1,1.3,-50510.9,-425.3,0.8
STARHEALTH,NSE,1813249,,MIS,,-93,,,,,,,,,,,,539.8,543.15,0.0,-311.5500000000029,,,positions,NSE:STARHEALTH,0.0,1.0,-50568.8,-311.5500000000029,-311.5500000000029,0.0,0.0,0.0,0.0,0.0,93.0,539.8,50201.399999999994,50201.399999999994,0.0,0.0,0.0,93.0,539.8,50201.399999999994,543.8,539.2,544.0,535.0,539.2,-93,-50201.4,-50592.0,-367.4,-390.6000000000058,0.7,0.8,-50150.2,-418.5,0.8
VGUARD,NSE,3932673,,MIS,,-176,,,,,,,,,,,,284.4,286.7,0.0,-406.09999999999127,,,positions,NSE:VGUARD,0.0,1.0,-50450.4,-406.09999999999127,-406.09999999999127,0.0,0.0,0.0,0.0,0.0,176.0,284.39261363636365,50053.100000000006,50053.100000000006,0.0,0.0,0.0,176.0,284.39261363636365,50053.100000000006,286.6,284.0,287.2,283.1,284.5,-176,-50053.1,-50538.399999999994,-397.3,-485.29999999998836,0.8,1.0,-50072.0,-378.4,0.8
VINATIORGA,NSE,4445185,,MIS,,-28,,,,,,,,,,,,1753.3,1751.55,0.0,49.200000000004366,,,positions,NSE:VINATIORGA,0.0,1.0,-49001.4,49.200000000004366,49.200000000004366,0.0,0.0,0.0,0.0,0.0,28.0,1753.3071428571432,49092.600000000006,49092.600000000006,0.0,0.0,0.0,28.0,1753.307142857143,49092.600000000006,1750.0,1759.0,1770.2,1743.0,1758.8,-28,-49092.6,-49565.6,91.2,-472.9999999999927,-0.2,1.0,-49245.0,243.6,-0.5
ACC,NSE,5633,,MIS,,0,,,,,,,,,,,,0.0,1826.0,0.0,396.8500000000058,,,positions,NSE:ACC,0.0,1.0,0.0,396.8500000000058,396.8500000000058,0.0,27.0,1824.072222222222,49249.95,49249.95,27.0,1838.7703703703705,49646.8,49646.8,27.0,1824.072222222222,49249.95,27.0,1838.7703703703705,49646.8,1827.4,1844.0,1846.5,1823.3,1845.0,0,0.0,0.0,0.0,0.0,,,0.0,0.0,
AFFLE,NSE,2903809,,MIS,,0,,,,,,,,,,,,0.0,1028.25,0.0,343.40000000000873,,,positions,NSE:AFFLE,0.0,1.0,0.0,343.40000000000873,343.40000000000873,0.0,48.0,1027.534375,49321.649999999994,49321.649999999994,48.0,1034.6885416666667,49665.05,49665.05,48.0,1027.534375,49321.649999999994,48.0,1034.6885416666667,49665.05,1027.0,1025.7,1038.3,1021.2,1025.8,0,0.0,0.0,0.0,0.0,,,0.0,0.0,
CAMPUS,NSE,2396673,,MIS,,0,,,,,,,,,,,,0.0,252.05,0.0,576.8000000000029,,,positions,NSE:CAMPUS,0.0,1.0,0.0,576.8000000000029,576.8000000000029,0.0,206.0,240.0,49440.0,49440.0,206.0,242.8,50016.8,50016.8,206.0,240.0,49440.0,206.0,242.8,50016.8,251.4,250.0,255.0,237.8,264.0,0,0.0,0.0,0.0,0.0,,,0.0,0.0,
CGCL,NSE,5204225,,MIS,,0,,,,,,,,,,,,0.0,757.8,0.0,354.2500000000073,,,positions,NSE:CGCL,0.0,1.0,0.0,354.2500000000073,354.2500000000073,0.0,66.0,749.6848484848484,49479.2,49479.2,66.0,755.0522727272728,49833.450000000004,49833.450000000004,66.0,749.6848484848484,49479.2,66.0,755.0522727272728,49833.450000000004,757.8,754.3,758.0,745.0,754.3,0,0.0,0.0,0.0,0.0,,,0.0,0.0,
DATAPATTNS,NSE,1883649,,MIS,,0,,,,,,,,,,,,0.0,1831.45,0.0,556.8500000000058,,,positions,NSE:DATAPATTNS,0.0,1.0,0.0,556.8500000000058,556.8500000000058,0.0,27.0,1816.8,49053.6,49053.6,27.0,1837.4240740740743,49610.450000000004,49610.450000000004,27.0,1816.8,49053.6,27.0,1837.4240740740743,49610.450000000004,1830.9,1883.0,1890.9,1815.0,1883.6,0,0.0,0.0,0.0,0.0,,,0.0,0.0,
DELTACORP,NSE,3851265,,MIS,,0,,,,,,,,,,,,0.0,139.15,0.0,450.0,,,positions,NSE:DELTACORP,0.0,1.0,0.0,450.0,450.0,0.0,360.0,137.75,49590.0,49590.0,360.0,139.0,50040.0,50040.0,360.0,137.75,49590.0,360.0,139.0,50040.0,139.2,138.7,139.6,137.6,139.4,0,0.0,0.0,0.0,0.0,,,0.0,0.0,
ESCORTS,NSE,245249,,MIS,,0,,,,,,,,,,,,0.0,3121.0,0.0,345.8000000000029,,,positions,NSE:ESCORTS,0.0,1.0,0.0,345.8000000000029,345.8000000000029,0.0,16.0,3084.1,49345.6,49345.6,16.0,3105.7125,49691.4,49691.4,16.0,3084.1,49345.6,16.0,3105.7125,49691.4,3122.6,3083.8,3128.0,3062.5,3093.0,0,0.0,0.0,0.0,0.0,,,0.0,0.0,
HEG,NSE,342017,,MIS,,0,,,,,,,,,,,,0.0,1582.5,0.0,336.34999999999854,,,positions,NSE:HEG,0.0,1.0,0.0,336.34999999999854,336.34999999999854,0.0,31.0,1597.15,49511.65,49511.65,31.0,1608.0,49848.0,49848.0,31.0,1597.15,49511.65,31.0,1608.0,49848.0,1581.2,1593.7,1616.0,1576.1,1595.4,0,0.0,0.0,0.0,0.0,,,0.0,0.0,
IBULHSGFIN,NSE,7712001,,MIS,,0,,,,,,,,,,,,0.0,167.6,0.0,368.75,,,positions,NSE:IBULHSGFIN,0.0,1.0,0.0,368.75,368.75,0.0,295.0,168.05,49574.75,49574.75,295.0,169.3,49943.5,49943.5,295.0,168.05,49574.75,295.0,169.3,49943.5,167.4,168.0,169.5,166.6,168.8,0,0.0,0.0,0.0,0.0,,,0.0,0.0,
MOTHERSON,NSE,1076225,,MIS,,0,,,,,,,,,,,,0.0,88.35,0.0,813.4500000000044,,,positions,NSE:MOTHERSON,0.0,1.0,0.0,813.4500000000044,813.4500000000044,0.0,561.0,87.55,49115.549999999996,49115.549999999996,561.0,89.0,49929.0,49929.0,561.0,87.55,49115.549999999996,561.0,89.0,49929.0,88.0,90.0,91.5,87.3,90.0,0,0.0,0.0,0.0,0.0,,,0.0,0.0,
RHIM,NSE,7977729,,MIS,,0,,,,,,,,,,,,0.0,691.15,0.0,340.09999999999854,,,positions,NSE:RHIM,0.0,1.0,0.0,340.09999999999854,340.09999999999854,0.0,71.0,694.6302816901408,49318.75,49318.75,71.0,699.4204225352113,49658.85,49658.85,71.0,694.6302816901408,49318.75,71.0,699.4204225352113,49658.85,690.0,703.4,703.4,686.6,699.8,0,0.0,0.0,0.0,0.0,,,0.0,0.0,
